id,source_node_id,target_node_id,length,car,car_reverse,bike,bike_reverse,foot
8474730,290344782,31774001,11,5,5,0,0,0
25414905,290344587,290344592,4,5,5,0,0,0
25414906,290344773,290344782,3,5,5,0,0,0
25414907,31774001,170706760,3,2,2,0,0,0
26491149,7414630016,7414630017,5,2,2,0,0,0
26491152,290344564,290344552,6,2,2,0,0,0
26491153,290344554,290344553,9,1,1,0,0,0
26491154,5765683972,290344565,11,2,2,0,0,0
26491155,5765683972,290344586,5,4,4,0,0,0
26491161,290344588,290344585,3,5,5,0,0,0
26491162,290344590,290344593,5,4,4,0,0,0
26491163,290344587,290344594,4,5,5,0,0,0
26491164,290344588,290344588,43,5,5,0,0,0
26491166,290344649,290344658,3,0,0,0,0,0
26491168,290344658,290344659,26,0,0,0,0,0
26491169,290344672,290344679,5,0,0,0,0,0
26491170,290344680,290344682,2,0,0,0,0,0
26491171,290344687,290344683,3,0,0,0,0,0
26491172,290344689,290344690,2,0,0,0,0,0
26491174,290344692,290344693,2,0,0,0,0,0
26491175,290344695,290344697,2,0,0,0,0,0
26491176,290344698,290344663,2,0,0,0,0,0
26491177,290344701,290344701,7,0,0,0,0,0
26491178,290344661,290344712,6,0,0,0,0,0
26491179,290344713,290344715,2,0,0,0,0,0
26491181,290344718,290344653,2,5,5,0,0,0
26491182,290344656,290344720,2,5,5,0,0,0
26491183,1457306161,1457306123,2,5,5,0,0,0
26491184,290344762,3772976856,2,0,0,0,0,0
26491185,290344761,3450397191,3,0,0,0,0,0
26491186,290344762,3086675830,2,0,0,0,0,0
26491187,290344766,290344766,12,0,0,0,0,0
26491188,290344786,290344779,3,5,5,0,0,0
26491190,290344779,9737251918,3,5,5,0,0,0
26491192,290344772,290344781,3,2,2,0,0,0
26491193,4651596626,4651596626,42,5,5,0,0,0
26491194,290344647,290344718,2,5,5,0,0,0
27792783,305164906,318623682,19,2,2,0,0,0
27792895,304257130,290344741,9,5,5,0,0,0
28263342,310395633,310395634,4,1,1,0,0,0
28472561,7414630016,290344551,9,2,2,0,0,0
28472562,290344565,290344564,12,2,2,0,0,0
28472563,170706769,312795091,23,2,2,0,0,0
28472564,31774002,310395695,7,3,3,0,0,0
28472565,312795091,877909231,28,5,5,0,0,0
28472587,31774001,31774002,7,5,5,0,0,0
28472588,31774002,318672406,2,5,5,0,0,0
28615073,314458921,314458961,13,1,1,0,0,0
28615074,314458937,314458932,17,0,0,0,0,0
28615075,314458923,314458920,2,1,1,0,0,1
28615076,314458924,314458943,3,0,0,0,0,0
28615077,315392614,314458919,3,0,0,0,0,0
28615078,314458926,314458929,2,0,0,0,0,0
28615081,314458926,314458929,6,0,0,0,0,0
28615082,314458934,314458936,6,1,1,0,0,1
28615083,314458935,314458924,2,0,0,0,0,0
28615084,314458962,315392614,10,1,1,0,0,0
28615085,314458937,314458935,3,0,0,0,0,0
28615533,314473622,314473626,9,1,1,0,0,0
28615534,314473633,314458953,10,1,1,0,0,0
28638117,8122163319,318623744,14,2,2,0,0,0
28638118,314751821,1472398120,10,1,1,0,0,0
28638120,314751830,314751819,5,1,1,0,0,0
28638121,7414630016,290344564,9,2,2,0,0,0
28638122,31773997,312795080,4,2,2,0,0,0
28638124,312795080,312795083,13,2,2,0,0,0
28638125,318661520,318623634,6,0,0,0,0,0
28638127,314458961,314458962,3,1,1,0,0,0
28638130,314751832,314751833,10,3,3,0,0,1
28638131,314751841,6848266085,2,3,3,0,0,1
28693163,315392684,315392683,8,1,1,0,0,0
28693164,315392668,315392672,3,1,1,0,0,0
28693165,315392656,315392607,2,0,0,0,0,0
28693167,314458943,315392656,3,1,1,0,0,0
28693168,315392680,315392689,2,1,1,0,0,0
28693169,315392687,315392631,10,1,1,0,0,0
28693170,315392614,312795083,15,1,1,0,0,0
28693171,315392607,315392612,3,0,0,0,0,0
28693172,314458927,315392626,5,1,1,0,0,0
28693173,315392609,314473628,2,1,1,0,0,0
28693174,315392629,320047420,4,0,0,0,0,0
28693175,314473631,315392606,5,1,1,0,0,0
28693176,315392607,314473642,3,0,0,0,0,0
28693177,315392611,315392670,2,1,1,0,0,0
28693178,315392592,315392647,2,0,0,0,0,0
28693179,315392686,315392660,2,0,0,0,0,0
28693180,315392617,315392618,6,1,1,0,0,0
28693181,315392667,315392596,2,1,1,0,0,0
28693182,318623527,320047426,6,1,1,0,0,0
28693184,315392678,315392628,5,1,1,0,0,0
28693185,315392657,315392592,2,0,0,0,0,0
28693187,315392628,315392676,2,0,0,0,0,0
28693188,315392676,315392639,4,1,1,0,0,0
28693190,315392689,315392625,5,1,1,0,0,0
28693191,315392622,315392629,2,1,1,0,0,0
28693320,315394812,318623538,5,0,0,0,0,0
28693321,315394818,318623533,7,0,0,0,0,0
28693322,315394822,318623536,3,0,0,0,0,0
28693323,315394824,315394828,2,0,0,0,0,0
28976797,315394813,318623528,7,1,1,0,0,0
28976798,318623529,318623543,5,0,0,0,0,0
28976799,318623543,318623544,2,0,0,0,0,0
28976800,318623544,318623557,5,0,0,0,0,0
28976801,318623542,318623541,4,0,0,0,0,0
28976802,318623549,318623551,3,0,0,0,0,0
28976803,318623553,318623557,4,1,1,0,0,0
28976804,318623557,318623562,5,1,1,0,0,0
28976805,314473653,318623564,2,1,1,0,0,0
28976808,318623563,318673181,5,1,1,0,0,0
28976809,318623572,318623575,2,0,0,0,0,1
28976810,318623575,318623576,2,0,0,0,0,0
28976811,318623578,318623581,19,1,1,0,0,0
28976812,318623579,318623600,14,1,1,0,0,0
28976813,318623572,318623603,5,1,1,0,0,0
28976816,318623594,1472398118,18,1,1,0,0,0
28976817,318623615,318623616,2,1,1,0,0,0
28976818,318623617,318623619,2,0,0,0,0,0
28976819,318623620,318623622,4,0,0,0,0,0
28976820,318623619,318623620,3,0,0,0,0,0
28976821,318623631,318623630,3,3,3,0,0,1
28976822,318623626,6848266087,16,3,3,0,0,1
28976823,318623631,1029555099,8,0,0,0,0,0
28976824,318623634,318623631,2,0,0,0,0,0
28976825,318623634,318623632,5,1,1,0,0,0
28976826,318623637,318623640,4,1,1,0,0,0
28976827,318623642,318623645,9,1,1,0,0,0
28976828,318623651,318623636,3,0,0,0,0,0
28976829,318623632,318623633,3,4,4,0,0,0
28976830,318623633,318661517,4,4,4,0,0,0
28976832,318623684,318623687,2,3,3,0,0,1
28976833,318623687,318623685,2,3,3,0,0,1
28976834,318623670,318623672,7,3,3,0,0,1
28976835,318623672,320047421,2,3,3,0,0,1
28976836,318623673,318623682,17,3,3,0,0,1
28976837,318623672,318623727,13,0,0,0,0,0
28976838,318623673,323260133,4,3,3,0,0,1
28976839,318623633,318623667,18,1,1,0,0,0
28976840,318623690,318623693,6,1,1,0,0,0
28976841,318623666,318623696,10,1,1,0,0,0
28976842,318623665,318623698,3,1,1,0,0,0
28976843,318623655,318623699,2,1,1,0,0,0
28976844,318623700,1457261302,8,1,1,0,0,0
28976845,318623653,1457261240,3,1,1,0,0,0
28976847,318623721,318623719,9,1,1,0,0,0
28976848,318623720,318623727,3,1,1,0,0,0
28976849,318623726,318623728,4,1,1,0,0,0
28976850,318623712,318623731,6,1,1,0,0,0
28976851,318623711,318623732,2,1,1,0,0,0
28976852,318623713,318623733,2,1,1,0,0,0
28976853,314751833,318623742,24,1,1,0,0,0
28976854,314458921,318623578,6,2,2,0,0,0
28978383,318623723,318623691,3,0,0,0,0,0
28979996,318661501,2548795498,8,0,0,0,0,0
28979998,290344594,4202216692,2,5,5,0,0,0
28980000,318661510,290344628,2,5,5,0,0,0
28980001,290344628,290344631,2,5,5,0,0,0
28980003,290344631,4202216615,2,0,0,0,0,0
28980004,318661514,469417414,2,5,5,0,0,0
28980005,170706760,170706764,4,2,2,0,0,0
28980006,170706764,170706769,6,2,2,0,0,0
28980007,312795092,312795091,5,5,5,0,0,0
28980008,318661517,5765683972,13,4,4,0,0,0
28980964,318672406,312795092,2,5,5,0,0,0
28980994,318673181,315392612,2,0,0,0,0,0
29096435,320047421,4202216440,3,3,3,0,0,1
29096437,2548795488,318623673,2,3,3,0,0,1
29096438,315392657,315392643,6,0,0,0,0,0
29096440,318623604,318623606,7,1,1,0,0,0
29096442,318623610,318623612,2,1,1,0,0,0
29096443,320047426,320047427,3,1,1,0,0,0
29096445,320047428,320047429,2,1,1,0,0,0
29096446,318623535,320047433,2,0,0,0,0,0
29096448,1472398158,320047438,7,1,1,0,0,0
29096449,318623566,1472398153,4,1,1,0,0,0
29096451,314458939,320047475,8,1,1,0,0,0
29096452,320047477,320047496,5,1,1,0,0,0
29096454,312795083,290344565,22,2,2,0,0,0
29096456,290344553,320047556,3,1,1,0,0,0
29360133,318623578,4651766635,2,2,2,0,0,0
29390270,318623667,318623670,10,1,1,0,0,0
29390271,318623693,6848266159,3,0,0,0,0,0
29390272,318623664,318623714,16,1,1,0,0,0
29390274,318623721,318623723,7,1,1,0,0,0
29390275,31702801,5765683984,5,4,4,0,0,0
29462749,318623742,324711389,14,0,0,0,0,0
29462751,324711389,4651665157,9,0,0,0,0,0
29462754,324711417,324711461,3,0,0,0,0,0
29462755,324711461,324711462,2,0,0,0,0,0
29462756,324711462,469417409,10,0,0,0,0,0
29462757,324711389,324711394,6,3,3,0,0,0
29462758,318623735,324711472,7,0,0,0,0,0
29462759,318623742,318623744,3,0,0,0,0,0
29462761,324711417,324711473,8,3,3,0,0,0
29462763,324711473,7146172803,2,3,3,0,0,0
29462772,324711434,469417407,4,0,0,0,0,0
29462773,324711512,324711396,2,3,3,0,0,0
29462774,324711511,324711512,3,3,3,0,0,0
30283405,290344757,333760413,13,0,0,0,0,0
30956287,1457261311,11514857645,28,0,0,0,0,0
30957041,344223222,344223263,51,0,0,0,0,0
30957366,344227457,344227488,42,0,0,0,0,0
30957392,344228179,1457191193,10,0,0,0,0,0
30957394,4202216293,4202216297,47,0,0,0,0,0
30957458,1457133663,344228407,63,0,0,0,0,0
32338907,318623667,318623691,5,1,1,0,0,0
32338908,318623685,290344645,7,0,0,0,0,0
34660815,324711396,324711473,11,0,0,0,0,0
37556376,290344782,2519653627,3,5,5,0,0,0
37556377,290344779,276985482,3,5,5,0,0,0
37556378,31774005,440044924,2,0,0,0,0,0
39188476,469417403,4651665153,8,0,0,0,0,0
39188477,469417410,469417414,14,0,0,0,0,0
39188479,11470237251,469417416,3,0,0,0,0,0
39188480,469417418,469417417,2,0,0,0,0,0
39188481,469417394,290344551,5,0,0,0,0,0
39188482,469417394,469417400,9,1,1,0,0,0
39188483,8122163319,469417417,4,1,1,0,0,0
39188484,469417421,1207365021,3,0,0,0,0,0
39188486,170706731,310395634,4,1,1,0,0,0
39188487,310395646,310395649,15,1,1,0,0,0
39188488,310395640,469417430,3,1,1,0,0,0
39188489,310395641,469417434,5,1,1,0,0,0
39188490,469417433,469417435,2,1,1,0,0,0
39188491,469417436,469417442,11,1,1,0,0,0
39188492,469417439,469417443,2,1,1,0,0,0
39188493,469417442,469417444,2,0,0,0,0,0
39188494,469417442,469417446,5,1,1,0,0,0
39188495,469417445,4083054126,3,1,1,0,0,0
39188496,469417448,469417450,3,1,1,0,0,0
39188497,469417452,469417463,8,1,1,0,0,0
39188498,469417465,469417469,3,1,1,0,0,0
39188500,469417471,469417479,16,1,1,0,0,0
39188501,469417481,1151662553,11,0,0,0,0,0
39188502,469417489,10307461662,2,0,0,0,0,0
39188504,469417504,469417525,15,1,1,0,0,0
39188505,469417527,469417537,12,1,1,0,0,0
39188507,469417539,469417547,7,1,1,0,0,0
39188509,469417549,469417564,25,1,1,0,0,0
42557251,531441783,469417422,8,0,0,0,0,0
42557267,531441820,1482758858,2,1,1,0,0,0
60435180,318661508,752377793,3,0,0,0,0,0
60770730,760616327,8651974395,2,0,0,0,0,0
69366443,7414630017,831212253,3,0,0,0,0,0
81370435,4402336088,948203915,24,1,1,0,0,0
88678155,1029555133,1029555176,4,1,1,0,0,0
88678156,1029555158,1457191197,6,1,1,0,0,0
88678157,1029555152,1029555298,2,1,1,0,0,0
88678158,1029555127,1029555281,4,1,1,0,0,0
88678159,1029555130,1029555220,2,1,1,0,0,0
88678160,1029555236,1029555291,6,1,1,0,0,0
88678161,1029555264,1029555274,13,1,1,0,0,0
88678162,6848266125,1029555291,3,1,1,0,0,0
88678163,1029555245,1029555312,4,1,1,0,0,0
88678164,1029555129,1029555277,7,1,1,0,0,0
88678165,1029555155,1029555240,2,1,1,0,0,0
88678166,1029555217,1029555173,2,1,1,0,0,0
88678167,1029555238,1029555213,4,1,1,0,0,0
88678168,1029555176,1029555201,2,1,1,0,0,0
88678169,1029555308,1029555150,10,1,1,0,0,0
88678170,1029555197,1029555229,6,1,1,0,0,0
88678171,1029555180,1029555135,2,1,1,0,0,0
88678172,1029555117,1029555279,2,1,1,0,0,0
88678173,1029555150,1029555171,5,1,1,0,0,0
88678174,1029555160,1029555115,3,1,1,0,0,0
88679808,1029566754,1029566687,3,1,1,0,0,0
88679809,1029566669,1029566759,4,1,1,0,0,0
88679814,310395703,1029566714,7,1,1,0,0,0
88679816,1029566703,10798114699,16,1,1,0,0,0
88679819,1029566759,1029566720,2,1,1,0,0,0
88679825,1029566690,1029566742,5,1,1,0,0,0
88679828,1029566756,1029566682,5,1,1,0,0,0
88679835,1029566740,1029566649,2,1,1,0,0,0
88679836,1029566698,1029566679,2,1,1,0,0,0
88708016,1029802980,1029802912,6,1,1,0,0,0
88708019,1029802958,1029802918,3,1,1,0,0,0
88708021,1029802968,1457220971,8,0,0,0,0,0
88708022,1029802881,1457220999,8,1,1,0,0,0
88708024,1029802824,1029803007,4,1,1,0,0,0
88708027,1029802791,1029802834,2,1,1,0,0,0
88708028,1029802878,1029802914,5,1,1,0,0,0
88708029,1029802829,1029802879,14,1,1,0,0,0
88708032,1029802894,1029802837,2,1,1,0,0,0
88708034,1029802911,1029802899,2,1,1,0,0,0
88708036,1029803002,1029802841,5,1,1,0,0,0
88708038,1029803000,1029802853,14,1,1,0,0,0
88708039,1029802773,1029802900,11,1,1,0,0,0
88708040,1029802870,1457191189,9,1,1,0,0,0
88708041,1029802868,1029802795,3,1,1,0,0,0
88708042,1029802896,1029802858,2,1,1,0,0,0
88708043,1029802947,1029802868,15,1,1,0,0,0
88708044,1029802997,1029802790,5,1,1,0,0,0
88708045,1029802771,8533571549,4,1,1,0,0,0
88708046,310395700,440044924,11,0,0,0,0,0
88708047,1029802780,1029802970,4,1,1,0,0,0
88708048,1029802770,1456708747,4,1,1,0,0,0
88708049,1029802793,1029802769,4,1,1,0,0,0
88708050,1029802926,1029802877,4,1,1,0,0,0
88708051,1029802777,1029802956,2,1,1,0,0,0
88708052,1029802866,1029802811,4,1,1,0,0,0
88708053,1029803017,1029802938,3,1,1,0,0,0
88708054,1029802924,1029802907,9,1,1,0,0,0
88708056,1029802860,1456708841,9,1,1,0,0,0
88715349,1029835033,1029834965,15,1,1,0,0,0
88715351,1029835032,1457133576,6,1,1,0,0,0
88715352,877909164,1029835000,3,1,1,0,0,0
88715353,312795080,1029834975,7,1,1,0,0,0
88715354,1029835046,4237551019,12,1,1,0,0,0
88715355,1029834996,1029834960,3,1,1,0,0,0
88715356,1029834959,1029835059,2,1,1,0,0,0
88715357,1029834930,1029834994,2,1,1,0,0,0
88715358,1029835039,1472355392,4,1,1,0,0,0
88715359,1029835054,1029835037,2,1,1,0,0,0
88715360,1029835052,1029834944,2,1,1,0,0,0
88715361,1029834942,1029835030,2,1,1,0,0,0
88715362,4202216347,1029834982,4,1,1,0,0,0
88715363,170706676,1029835048,7,1,1,0,0,0
88715364,290344574,1029835015,6,1,1,0,0,0
88715365,1029834938,1029835051,2,1,1,0,0,0
88715366,1029834932,1029834997,3,1,1,0,0,0
88715367,1029834940,1029834979,7,1,1,0,0,0
88715368,31702826,1029835050,7,1,1,0,0,0
88715369,1029834913,1029834974,5,1,1,0,0,0
88715370,1029834987,1029834931,8,1,1,0,0,0
88716082,1029840936,1029840962,21,1,1,0,0,0
88716086,1029840918,1029840941,7,1,1,0,0,0
88716088,1029840934,1029840965,22,1,1,0,0,0
90941613,1029802868,1029802814,4,1,1,0,0,0
90941614,310395700,310395708,23,0,0,0,0,0
90941615,1029555291,1029555099,16,1,1,0,0,0
90941616,1470733967,1029840925,4,1,1,0,0,0
90941617,1029802902,1029802800,6,1,1,0,0,0
90941618,1055614278,170706609,26,2,2,0,0,0
90941619,443079562,443079567,7,0,0,0,0,0
90941620,170706609,290344733,17,2,2,0,0,0
90941621,290344553,1482749772,4,1,1,0,0,0
99583726,1151626992,1151626992,12,0,0,0,0,0
99583728,1151627158,1151627158,24,0,0,0,0,0
99583730,1151627489,1151627489,20,0,0,0,0,0
99583747,1151625541,1151625541,35,0,0,0,0,0
99586298,1151648342,1151648342,5,0,0,0,0,0
99586303,1151648306,1151648306,5,0,0,0,0,0
99586304,6838117590,6838117590,22,0,0,0,0,0
99589373,1151662561,1151662569,14,0,0,0,0,0
99589376,1151662517,1151662529,2,0,0,0,0,0
99589377,1151662520,1151662548,4,1,1,0,0,0
99589379,1151662497,1151662557,2,1,1,0,0,0
104669669,1470724395,1207358500,15,1,1,0,0,0
104669670,1207358501,6848266120,9,1,1,0,0,0
104669671,1207358504,1207358507,5,1,1,0,0,0
104670050,1207362153,1207362161,4,1,1,0,0,0
104670051,1207362172,1207362174,4,1,1,0,0,0
104670052,1207362181,1207362186,4,1,1,0,0,0
104670053,1207362191,1207362184,2,1,1,0,0,0
104670054,1207362196,1207362198,4,1,1,0,0,0
104670057,290344730,1906896142,3,1,1,0,0,0
104670058,1207362258,1207362231,14,1,1,0,0,0
104670059,1207362277,1207362220,21,1,1,0,0,0
104670060,1906896148,1906896093,18,1,1,0,0,0
104670177,469417422,1207365050,9,0,0,0,0,1
104670179,1207365054,1211933393,4,1,1,0,0,0
104670181,1207365058,1207365021,2,1,1,0,0,0
105158424,1211933406,8122163320,10,1,1,0,0,0
105158425,1211933422,1211933422,23,0,0,0,0,0
105158426,1207365036,1211933393,7,1,1,0,0,0
105158581,1211934347,1211934358,6,1,1,0,0,0
105159681,1211944983,4034888114,20,3,3,0,0,1
105159756,1211946847,1211946773,5,1,1,0,0,0
132416837,1456708846,1456708846,32,0,0,0,0,0
132416838,1456708732,1456708856,7,1,1,0,0,0
132416839,290344781,290344775,3,2,2,0,0,0
132416840,1456708771,1456708804,2,1,1,0,0,0
132418263,310395646,310395649,11,1,1,0,0,0
132418264,310395634,469417436,9,1,1,0,0,0
132418265,1029555177,1029555255,3,1,1,0,0,0
132418266,1456729499,1456729519,4,0,0,0,0,0
132418267,1456729506,1456729506,10,0,0,0,0,0
132418268,1029555255,1029555198,3,1,1,0,0,0
132418269,1456729503,1029555177,3,1,1,0,0,0
132418270,469417436,310395646,16,1,1,0,0,0
132418271,1456729498,1029555255,3,1,1,0,0,0
132418385,1029566759,1456733658,4,1,1,0,0,0
132461588,1029555150,1029555177,5,1,1,0,0,0
132466785,1457191190,1029835057,3,1,1,0,0,0
132466786,333760413,305165486,8,0,0,0,0,0
132466788,1029555176,1029555241,4,1,1,0,0,0
132466789,1457191164,948203913,2,1,1,0,0,0
132466791,1457191191,1457191154,2,1,1,0,0,0
132466792,1457191199,1457191171,3,1,1,0,0,0
132466793,1457191212,1457191180,3,1,1,0,0,0
132466794,1457191181,1457191203,7,1,1,0,0,0
132466797,1029802936,1029802849,5,1,1,0,0,0
132466801,1457191215,469417537,4,1,1,0,0,0
132466802,1029555241,1029555305,7,1,1,0,0,0
132466804,1457191217,1457191186,11,1,1,0,0,0
132466805,1457191194,1457191171,4,1,1,0,0,0
132470003,1457220957,1457220983,6,0,0,0,0,0
132470006,1457221030,1457221027,3,0,0,0,0,0
132470007,290344757,290344720,9,5,5,0,0,0
132470008,1457221012,1457221012,5,0,0,0,0,0
132470009,1457221008,1457220985,2,1,1,0,0,0
132470010,318623682,4651828972,5,2,2,0,0,1
132470011,1457221000,1457220995,7,1,1,0,0,0
132470012,1457221028,1457221004,4,1,1,0,0,0
132470013,1457221005,1457220946,4,0,0,0,0,0
132470014,1457220945,1457221021,4,0,0,0,0,0
132470015,290344658,290344648,3,0,0,0,0,0
132473133,1029834944,1029835015,4,0,0,0,0,0
132473134,1457261304,1457261281,4,1,1,0,0,0
132473135,1457261243,1207358503,2,1,1,0,0,0
132473136,1457261309,318623703,2,0,0,0,0,0
132475663,1457306109,1457306149,2,1,1,0,0,0
132475666,1457306166,1457306188,2,5,5,0,0,0
132475670,1457306188,1457306137,3,5,5,0,0,0
132475672,290344743,290344743,51,5,5,0,0,0
132475675,1457306123,290344757,6,5,5,0,0,0
132475676,1457306123,290344747,4,5,5,0,0,0
132475677,1207362161,1207362164,4,1,1,0,0,0
132475678,1457306117,290344750,3,1,1,0,0,0
133617421,318623744,314751819,13,2,2,0,0,0
133617422,1470724391,8340782023,3,1,1,0,0,0
133617423,344220503,1470724410,30,0,0,0,0,0
133617424,314751819,314458921,4,2,2,0,0,0
133617426,1470724398,4651665158,13,0,0,0,0,0
133618253,1470732656,1470732656,14,0,0,0,0,0
133618254,31773990,333761839,16,2,2,0,0,0
133618257,1470732624,1470732588,2,1,1,0,0,0
133618259,314458927,31773994,6,0,0,0,0,0
133618263,1470732594,1470732567,3,1,1,0,0,0
133618264,314458943,314458927,5,0,0,0,0,0
133618268,31773994,31773997,18,2,2,0,0,0
133618270,333761839,4651766636,3,2,2,0,0,0
133618390,1470733976,1470733978,3,0,0,0,0,0
133775896,1472355408,1472355386,3,1,1,0,0,0
133775898,290344551,469417410,2,2,2,0,0,0
133775901,1472355404,1472355392,4,1,1,0,0,0
133775902,469417416,11015929978,3,0,0,0,0,0
133780207,320047426,318623528,8,1,1,0,0,0
133780212,1472398120,314751830,11,1,1,0,0,0
133780221,318623528,314458927,13,1,1,0,0,0
133780224,531441820,531441785,2,1,1,0,0,0
134952269,1482749773,1482749772,3,0,0,0,0,0
134952272,1482749774,1482749774,5,0,0,0,0,0
134952273,1482749772,290344559,2,1,1,0,0,0
134952276,290344559,290344585,10,5,5,0,0,0
134953995,1482758858,1482758856,2,0,0,0,0,0
134953996,1482758856,1482758862,2,0,0,0,0,0
134955737,31774005,290291258,14,3,3,0,0,0
134955739,290291258,290291259,6,3,3,0,0,0
134955740,1482765347,1482765347,17,0,0,0,0,0
138771101,318661509,305164906,3,5,5,0,0,0
138771103,305164906,318661510,2,5,5,0,0,0
145185960,1482758858,314751830,12,1,1,0,0,0
145185970,1586296813,1586296818,5,0,0,0,0,0
147005177,318661497,2739060975,5,0,0,0,0,0
149109142,333761839,1621322794,39,0,0,0,0,0
149109148,1621323158,7880916432,50,2,2,0,0,0
149216968,303553391,290291258,11,0,0,0,0,0
149270039,310395700,310395695,8,0,0,0,0,0
157506873,324711394,324711511,5,3,3,0,0,0
157506874,324711396,469417402,7,3,3,0,0,0
157506875,6848266090,318623626,6,3,3,0,0,1
157506876,324711394,314751833,4,0,0,0,0,0
160327171,1723763375,1029802811,2,3,3,0,0,0
160327172,1457220983,1723763381,28,3,3,0,0,0
160327173,1723763381,1029802814,8,3,3,0,0,0
171029014,10798114694,1821278687,10,1,1,0,0,0
171029015,1472355392,1472355399,7,1,1,0,0,0
171795118,5492150430,1827735853,3,1,1,0,0,0
171795122,6091008272,915035635,2,1,1,0,0,0
180246999,1484637842,318623685,2,0,0,0,0,0
180247412,1906896093,1207362161,8,1,1,0,0,0
180247413,1906896142,1207362247,22,1,1,0,0,0
180247414,1906896148,1906896142,14,1,1,0,0,0
180247415,1029802795,1906896093,4,3,3,0,0,0
180247912,1457220983,1484637842,5,0,0,0,0,0
180247913,1029802814,1029802936,26,1,1,0,0,0
182205208,8362808995,332207851,9,0,0,0,0,0
184614433,323260136,318661509,2,5,5,0,0,0
184614434,1211944983,290344781,2,2,2,0,0,0
184615419,469417417,469417394,3,1,1,0,0,0
188466879,318623696,1029555236,5,0,0,0,0,1
189501097,2001036060,2001036058,2,1,1,0,0,0
189501103,2001036053,2001036052,2,1,1,0,0,0
189501112,2001036019,2001036040,11,1,1,0,0,0
189501113,2001036017,2001036021,3,1,1,0,0,0
189501125,2001036048,2001036050,2,0,0,0,0,0
189501130,2001036045,469417525,4,0,0,0,0,0
189501131,2001036067,2001036069,4,0,0,0,0,0
204876756,4034888114,3772977377,2,3,3,0,0,0
204876757,1951116775,323260133,18,3,3,0,0,1
204877333,469417410,8536911505,12,2,2,0,0,0
204877334,469417414,7414630017,6,5,5,0,0,0
210228305,318623682,318623684,7,3,3,0,0,1
210228306,2203244996,4034888115,2,0,0,0,0,1
210228307,2203244968,2203245025,4,0,0,0,0,0
210228308,2203245072,2203245003,5,0,0,0,0,1
210228311,290344645,290344718,6,5,5,0,0,0
210228315,2203245027,2203244970,3,1,1,0,0,0
210228318,2203244916,2203244916,40,0,0,0,0,0
210960368,333760223,333760413,12,0,0,0,0,0
215426231,310395695,31774005,12,3,3,0,0,0
215426233,2248600403,2248600403,5,0,0,0,0,0
215426234,2248600370,2248600370,6,0,0,0,0,0
241917571,2494889647,2494889647,15,0,0,0,0,0
244672063,2519649577,2519649577,19,0,0,0,0,0
244672064,2519649601,1207365032,8,0,0,0,0,0
244672065,2519649611,2519649621,6,0,0,0,0,0
248040224,2547519653,2550752241,86,0,0,0,0,1
248262572,2548780624,4202216381,2,0,0,0,0,1
248264611,2548795500,3772976829,2,0,0,0,0,0
248264613,2548795499,3772976825,2,0,0,0,0,0
248264614,2550771198,2550771213,11,0,0,0,0,0
248264616,2550771214,2550771216,2,0,0,0,0,0
248264620,2550771216,2548795500,10,0,0,0,0,0
248265958,2550778629,2550778641,7,0,0,0,0,0
258351775,1906884604,290344730,15,3,3,0,0,0
268560037,2739060975,2739102129,19,0,0,0,0,0
268560039,2739060961,1552517649,111,0,0,0,0,0
268560041,2739060975,2739060997,10,0,0,0,0,0
268565468,752377793,2739102132,20,0,0,0,0,0
268605797,1551833257,2739398410,36,0,0,0,0,0
268605807,2739102697,2739102134,84,0,0,0,0,0
268605811,2739102697,2739398825,102,0,0,0,0,0
268846618,2741598094,2739102697,203,0,0,0,0,0
276446433,2810413613,318661497,84,0,0,0,0,0
295244965,2989499976,2989499976,11,0,0,0,0,0
300607157,3046863784,3046863787,4,0,0,0,0,0
300607158,3046863787,3046863790,4,0,0,0,0,0
303947665,3084552043,8651974393,9,0,0,0,0,0
303947668,3084552039,318661514,13,0,0,0,0,1
316100269,31774005,3222080477,24,0,0,0,0,0
316679302,3228340324,3228340324,10,0,0,0,0,0
337967830,3450397134,3450397134,10,0,0,0,0,0
337967831,3450400997,3450400997,10,0,0,0,0,0
337967832,3450397173,3450397173,12,0,0,0,0,0
337967833,3450397152,3450397152,7,0,0,0,0,0
337967834,3450401002,3450401002,11,0,0,0,0,0
337967835,3450397188,3450397188,9,0,0,0,0,0
337967837,3450397147,3450397147,5,0,0,0,0,0
337967839,3086675830,3450397150,11,0,0,0,0,0
337969436,3450405278,3450405278,9,0,0,0,0,0
337984782,3450535995,3450535995,9,0,0,0,0,0
337984785,3450536011,3450536011,25,0,0,0,0,0
337990734,3450589591,3450589591,10,0,0,0,0,0
360409709,1723763374,1029802811,5,0,0,0,0,0
361533000,290344786,276985482,5,5,5,0,0,0
373868041,3772976825,3772976838,2,0,0,0,0,0
373868042,3772977358,3772976810,2,0,0,0,0,0
373868043,3772976810,3772976851,2,0,0,0,0,0
373868044,3772977371,3772977371,5,0,0,0,0,0
373868045,3772976814,3772977366,2,0,0,0,0,0
373868046,3772977372,3772976846,2,0,0,0,0,0
373868047,3772977385,3772977385,5,0,0,0,0,0
373868048,3772977357,3772977357,5,0,0,0,0,0
373868049,3772976803,3772976803,5,0,0,0,0,0
373868050,3772976844,3772977378,2,0,0,0,0,0
373868051,3772976851,3772976816,4,0,0,0,0,0
373868052,2548795500,3772977359,8,0,0,0,0,1
373868053,3772977388,3772976818,2,0,0,0,0,0
373868055,3772976833,290344762,2,0,0,0,0,0
373868056,3772977387,3772977387,5,0,0,0,0,0
373868057,3772976820,3772976820,5,0,0,0,0,0
373868058,3772977360,3772976801,2,0,0,0,0,0
373868059,3772976829,2550771193,2,0,0,0,0,0
373868060,3772976840,3772976840,7,0,0,0,0,0
373868061,3084552039,1951116775,8,0,0,0,0,1
373868062,3450397184,3450397184,5,0,0,0,0,0
373868063,3772976806,3772976806,5,0,0,0,0,0
373868064,3772977367,3772977367,7,0,0,0,0,0
373868065,3772977374,3772977374,5,0,0,0,0,0
373868066,3772976836,3772976836,5,0,0,0,0,0
373868067,3450397191,3772976833,3,0,0,0,0,0
373868068,3772977377,1951116775,2,3,3,0,0,0
373868069,3772976838,2550771195,2,0,0,0,0,0
373869076,3772987186,3772987186,20,0,0,0,0,0
373869837,3772994166,3772994182,2,0,0,0,0,0
373869838,3772994170,3772994170,14,0,0,0,0,0
373869839,3772994182,3772994157,5,0,0,0,0,0
373869840,290344763,3772994166,3,0,0,0,0,0
373869841,3772994192,3772994192,22,0,0,0,0,0
373870108,3772995522,3772995522,20,0,0,0,0,0
390800105,1151626663,1151626663,11,0,0,0,0,0
395567417,3984088373,3984088377,5,0,0,0,0,1
395568078,3984088377,3984101264,5,0,0,0,0,0
395568079,3984101264,3984101269,6,0,0,0,0,0
395783992,3984101269,3986013513,2,0,0,0,0,0
396243159,1151627455,3990342448,21,0,0,0,0,1
396362995,469417537,3991732284,13,3,3,0,0,0
396363112,1456733658,3991733966,2,3,3,0,0,0
396363390,3991736269,469417463,3,3,3,0,0,0
398398671,469417529,4011599355,4,3,3,0,0,0
398683510,4202216615,4014336542,11,0,0,0,0,0
398683631,4014336542,4014339249,2,0,0,0,0,0
401012660,4014339249,4034888114,2,0,0,0,0,0
402454817,4048671812,4048671812,5,0,0,0,0,0
406201862,469417446,4083053499,4,0,0,0,0,0
406202084,469417450,4083054135,10,0,0,0,0,0
406203188,469417487,1029555115,12,0,0,0,0,0
406203189,1029555115,4083065943,2,1,1,0,0,0
406203623,1029555238,4083071259,5,1,1,0,0,0
406204147,1457191194,4083073294,2,1,1,0,0,0
406204151,4083073294,1029555238,11,0,0,0,0,0
420281149,4202216698,4202216698,27,0,0,0,0,0
420281152,4202216602,4202216602,39,0,0,0,0,0
420281156,4202216710,4202216710,5,0,0,0,0,0
420281157,4202216411,4202216411,57,0,0,0,0,0
420281161,4202216631,4202216631,7,0,0,0,0,0
420281163,4202216453,4202216453,7,0,0,0,0,0
420281165,4202216654,4202216654,7,0,0,0,0,0
420281167,4202216454,4202216454,9,0,0,0,0,0
420281168,1151627254,1151627254,51,0,0,0,0,0
420281170,4202216692,323260136,2,5,5,0,0,0
420281171,170706695,4202216364,25,1,1,0,0,0
420281172,4202216365,4202216359,4,1,1,0,0,0
420281173,4202216733,4202216733,14,0,0,0,0,0
420281174,4202216758,4202216758,6,0,0,0,0,0
420281175,4202216574,4202216574,38,0,0,0,0,0
420281176,4202216608,4202216608,13,0,0,0,0,0
420281177,1457306136,1457306136,13,0,0,0,0,0
420281178,4202216523,4202216523,11,0,0,0,0,0
420281179,4202216827,4202216827,11,0,0,0,0,0
420281180,4202216562,4202216562,13,0,0,0,0,0
420281181,4202216531,4202216531,13,0,0,0,0,0
420281182,4202216536,4202216536,15,0,0,0,0,0
420281183,4202216647,4202216647,17,0,0,0,0,0
420281184,4202216792,4202216792,17,0,0,0,0,0
420281185,4202216740,4202216740,21,0,0,0,0,0
420281186,4202216301,4202216301,27,0,0,0,0,0
420281187,11591169104,11591169104,15,0,0,0,0,0
420281188,4202216576,4202216576,5,0,0,0,0,0
420281189,4202216607,4202216607,5,0,0,0,0,0
420281191,4202216544,4202216544,5,0,0,0,0,0
420281194,4202216409,4202216409,5,0,0,0,0,0
420281195,4202216589,4202216589,5,0,0,0,0,0
420281196,4202216569,4202216569,5,0,0,0,0,0
420281197,4202216560,4202216560,5,0,0,0,0,0
420281198,4202216308,4202216308,5,0,0,0,0,0
420281200,4202216337,4202216337,5,0,0,0,0,0
420281201,4202216335,4202216335,5,0,0,0,0,0
420281202,4202216580,4202216580,5,0,0,0,0,0
420281203,4202216413,4202216413,5,0,0,0,0,0
420281204,4202216596,4202216596,7,0,0,0,0,0
420281205,4202216635,4202216635,9,0,0,0,0,0
420281206,4202216440,2548795488,2,3,3,0,0,1
420281207,3046863787,4202216502,6,0,0,0,0,0
420281208,332210094,332210099,17,0,0,0,0,0
420281210,4202216297,1457133488,2,0,0,0,0,0
420281212,1457133488,344228414,26,0,0,0,0,0
424307879,4237551025,4237551014,2,1,1,0,0,0
424307880,1211934350,4237551029,2,1,1,0,0,0
424307881,4237551015,4237551027,7,1,1,0,0,0
442536387,4402139471,4402139471,7,0,0,0,0,0
442536557,4402141186,4402141186,13,0,0,0,0,0
442552466,6091008272,4402303807,2,0,0,0,0,0
442552471,948203915,4402334669,2,0,0,0,0,0
442552552,4402334669,4402304216,4,0,0,0,0,0
442552553,4402303805,264041832,13,0,0,0,0,0
442552608,4402304813,4402304813,7,0,0,0,0,0
442553984,4402334716,310395640,3,0,0,0,0,0
442553985,4402303804,4402334716,8,0,0,0,0,0
442554803,4402339411,4402339411,18,0,0,0,0,0
442554804,1457191183,4402339416,5,1,1,0,0,0
442555188,469417469,4402303801,6,0,0,0,0,0
442555830,4402225581,469417427,8,0,0,0,0,0
442555999,4402225585,4402346532,5,0,0,0,0,0
442556000,6091008268,6091008268,17,0,0,0,0,0
442556051,5979653288,4402303807,5,0,0,0,0,0
442561825,4402387469,4402387469,13,0,0,0,0,0
442561842,310395650,4402356484,4,0,0,0,0,0
442561929,1457133883,4402346532,6,0,0,0,0,0
442566654,4402419283,4402346533,4,0,0,0,0,0
442666452,4403384212,4403384212,6,0,0,0,0,0
449023453,4459917025,4459917025,353,0,0,0,0,0
449023454,1151626516,1151626516,59,0,0,0,0,0
449171678,4461355472,4461355472,85,0,0,0,0,0
449172517,4461366232,4461366232,91,0,0,0,0,0
449312445,4462848824,4462848824,33,0,0,0,0,0
455328806,1211944908,1211944908,9,0,0,0,0,0
455328807,1029835048,4517387882,8,0,0,0,0,0
457741646,320047556,4538400574,11,0,0,0,0,1
465877410,1207365021,469417391,2,0,0,0,0,0
470954858,4237551027,4237551031,4,1,1,0,0,0
470954860,4237551031,4237551032,4,1,1,0,0,0
470954863,4237551030,4651122926,4,1,1,0,0,0
470954865,4651122927,4651122928,2,1,1,0,0,0
470954868,4651122929,4651122932,4,1,1,0,0,0
470954870,877909199,4651122941,16,0,0,0,0,0
470954871,4651122940,4651122943,3,0,0,0,0,0
470954872,11591169106,4651122944,3,0,0,0,0,0
470954873,4651122945,4651122964,20,0,0,0,0,0
470954874,4651122963,4651122974,11,0,0,0,0,0
470954875,4651122961,4651122981,8,0,0,0,0,0
470954876,4651122960,4651122984,4,0,0,0,0,0
470954877,4651122933,4651122987,5,0,0,0,0,0
470954878,4651122935,4651123902,5,0,0,0,0,0
470954879,4651123901,4651122964,6,0,0,0,0,0
470954880,4651122952,4202216812,3,0,0,0,0,0
470954881,4651123909,4651122935,4,0,0,0,0,0
470954882,4651123910,4651123911,3,0,0,0,0,0
470954883,4651123912,4651123914,3,0,0,0,0,0
470954884,4651123915,4651123910,3,0,0,0,0,0
470954885,1029835000,4651123915,9,0,0,0,0,0
470954886,4651123922,4651123926,5,0,0,0,0,0
470954887,4651123927,4651123928,2,0,0,0,0,0
470954888,3222080475,4651123929,2,0,0,0,0,0
470954889,3222080479,4651123934,6,0,0,0,0,0
470954891,4651123941,4651123945,6,0,0,0,0,0
470954892,4651123946,4651123957,12,0,0,0,0,0
470954893,4651123945,4651123946,2,0,0,0,0,0
470954894,4651123958,4651123959,2,0,0,0,0,0
470975608,877909231,3450536022,10,5,5,0,0,0
470975628,310395651,264041828,17,0,0,0,0,0
470975637,4651363515,1211944983,74,2,2,0,0,0
470998842,310395708,310395651,6,0,0,0,0,0
470998843,4651596617,310395651,7,0,0,0,0,0
470998844,290344741,1457306188,2,5,5,0,0,0
470998845,290344682,290344667,3,0,0,0,0,0
470998846,305165486,1484637842,3,0,0,0,0,0
470998847,4651596628,4651596629,23,0,0,0,0,0
470998848,4651596646,4651596649,2,0,0,0,0,0
470998849,4651596639,4651596629,2,0,0,0,0,0
470998850,4651596640,4651596652,38,0,0,0,0,0
470998851,4651596684,4651596685,2,0,0,0,0,0
470998852,4651596683,4651596688,4,0,0,0,0,0
471004347,4651665153,324711417,7,0,0,0,0,0
471004350,4651665158,1470724395,11,0,0,0,0,0
471015653,531441820,1472355393,4,1,1,0,0,0
471015654,4651766635,318661513,7,2,2,0,0,0
471015655,4651766636,31773994,4,2,2,0,0,0
471015656,443079567,318661520,3,0,0,0,0,0
471015657,9553818583,318623632,10,4,4,0,0,0
471020746,4651828972,760616305,31,2,2,0,0,1
478346849,4715735555,4715735555,11,0,0,0,0,0
478346850,4715735561,4715735562,2,0,0,0,0,0
478346851,4715735563,4715735564,2,0,0,0,0,0
478346852,4715735556,4715735567,6,0,0,0,0,0
478346868,4715737103,4715737105,4,0,0,0,0,0
478346869,4715737106,4715737104,4,0,0,0,0,0
478346968,4715739306,4715739307,3,0,0,0,0,0
478346969,4715739321,4715739321,20,0,0,0,0,0
478346970,4715739326,4715739328,3,0,0,0,0,0
478347474,4715737885,4715737885,5,0,0,0,0,0
478349307,4715759221,4715759222,2,0,0,0,0,0
486163964,4788591020,4788592720,4,0,0,0,0,0
486165149,7102201794,4788603325,6,0,0,0,0,0
491363566,4834843173,4834843173,5,0,0,0,0,0
526583350,5120502839,5120502839,5,0,0,0,0,0
526585175,5120541728,5120541728,5,0,0,0,0,0
526585176,1621322873,5120541729,7,0,0,0,0,0
571465231,1029802900,5492150430,10,0,0,0,0,0
571479829,5492280480,5492280482,3,0,0,0,0,0
571479830,5492280483,5492280483,8,0,0,0,0,0
571479831,5492280515,1029802999,5,1,1,0,0,0
571479832,5492280519,5492280519,5,0,0,0,0,0
571479833,4402225585,5492280637,18,0,0,0,0,0
571479834,5492280638,5492280650,13,0,0,0,0,0
571479835,4402304216,4402225585,5,0,0,0,0,0
572449374,5499602441,5499602441,8,0,0,0,0,0
625542114,5906166672,5906166672,5,0,0,0,0,0
633457948,5979648769,5979648769,5,0,0,0,0,0
633457949,4402304216,4402303807,9,0,0,0,0,0
633457950,4402304216,5979648773,6,0,0,0,0,0
633457951,4402303805,5979648783,2,0,0,0,0,0
633457952,4402225581,5979653288,7,0,0,0,0,0
633457953,4402303807,4402334669,5,0,0,0,0,0
633457954,4402303807,4402303804,7,0,0,0,0,0
633457955,4402334669,4402303803,8,0,0,0,0,0
633457956,4202216389,6091008268,4,0,0,0,0,0
633457957,6091008268,5979653298,6,0,0,0,0,0
633457958,5979648773,5979653301,4,0,0,0,0,0
633457959,5979648773,469417427,4,0,0,0,0,0
648866481,6169260455,6090928849,97,0,0,0,0,0
648866495,6090928845,6090928869,14,0,0,0,0,0
648866496,6090928849,6090928872,3,0,0,0,0,0
648866497,6090928849,6090928888,3,0,0,0,0,0
648866498,6090928888,6090928889,2,0,0,0,0,0
648866499,6090928888,6090928892,8,0,0,0,0,0
648867913,6090941655,6090941662,9,0,0,0,0,0
648867914,6090941664,6090941669,7,0,0,0,0,0
648867915,310395649,4651596617,3,0,0,0,0,0
648870322,6090941664,6090941669,14,0,0,0,0,0
648870324,6090959712,6090970278,89,0,0,0,0,0
648876722,6169260456,344227485,82,0,0,0,0,0
648876723,6090928892,6090941655,2,0,0,0,0,0
648876724,6090941662,6091008262,2,0,0,0,0,0
648876725,6090941662,6090941664,2,0,0,0,0,0
648876726,6090941669,6090959712,2,0,0,0,0,0
649716774,6096779500,6096779529,31,0,0,0,0,0
649716778,6096779537,6096779537,9,0,0,0,0,0
661585742,6193546379,6193546379,5,0,0,0,0,0
661590024,6193578327,6193578327,7,0,0,0,0,0
661591306,6193583900,6193583900,13,0,0,0,0,0
665201038,6226147230,6226141023,137,0,0,0,0,0
665201044,6226147242,6226141022,98,0,0,0,0,0
665201045,6226147248,6459473985,57,0,0,0,0,0
665201046,6226147258,8742122177,112,0,0,0,0,0
665201047,6226147267,6226147267,10,0,0,0,0,0
676057271,6331346345,3991723392,7,0,0,0,0,0
688597386,6457625705,6457625705,8,0,0,0,0,0
688605581,1151625906,1151625906,14,0,0,0,0,0
688723512,6459474040,6459474048,19,0,0,0,0,0
688723513,6459474073,6459474070,4,0,0,0,0,0
688993291,6462957754,6226147268,40,0,0,0,0,0
694649930,332210099,11346316428,2,0,0,0,0,0
694649932,332210100,4202216357,7,0,0,0,0,0
704876572,6620316964,6620316964,100,0,0,0,0,0
704879036,6620372738,6620372738,29,0,0,0,0,0
716058771,6729031428,6729031462,37,0,0,0,0,0
716588947,6731222813,6731222814,3,0,0,0,0,0
716588948,6731222815,6731222819,5,0,0,0,0,0
716743570,6732241045,6732241055,11,0,0,0,0,0
716743571,6732241056,6732241063,8,0,0,0,0,0
717521498,31702820,6738418661,19,0,0,0,0,0
717565746,6193546690,6738793100,2,0,0,0,0,0
718277630,315392687,6745406211,12,0,0,0,0,0
727410088,6816929738,6816929739,2,0,0,0,0,0
727426298,6817060924,6817060935,12,0,0,0,0,0
727499479,6817667074,6817667075,2,0,0,0,0,0
727535120,6817907045,6817907049,6,0,0,0,0,0
727654305,1457221030,11704047922,10,0,0,0,0,0
729960025,6838100741,305164906,10,0,0,0,0,0
729960026,1151648328,1951116789,15,0,0,0,0,0
729960027,6838100758,6838100759,2,0,0,0,0,0
729960028,6838100760,2550771218,9,0,0,0,0,0
729960029,9554407755,9554407755,20,0,0,0,0,0
729960030,6838100774,6838100781,2,0,0,0,0,0
729960032,2548795496,2548795500,6,0,0,0,0,1
729960033,2550752241,2548795496,2,0,0,0,0,1
729960034,2548795498,4202216691,2,0,0,0,0,0
729960035,4202216691,318661508,24,0,0,0,0,0
729961269,6838125828,6838125832,5,0,0,0,0,0
731149870,6848266085,314751832,5,3,3,0,0,1
731149871,6848266086,314751834,2,3,3,0,0,1
731149872,314751834,314751841,7,3,3,0,0,1
731149873,6848266087,6848266088,2,3,3,0,0,1
731149874,6848266088,6848266086,5,3,3,0,0,1
731149875,6848266095,6848266095,5,0,0,0,0,0
731149876,6848266099,6848266099,5,0,0,0,0,0
731149877,6848266103,6848266103,5,0,0,0,0,0
731149878,6848266107,6848266107,5,0,0,0,0,0
731149879,6848266111,6848266111,5,0,0,0,0,0
731149880,6848266115,6848266115,5,0,0,0,0,0
731149881,6848266121,1029835050,7,1,1,0,0,0
731149882,6848266120,6848266121,2,1,1,0,0,0
731149883,6848266122,344215806,3,0,0,0,0,0
731149884,344215805,6848266122,2,0,0,0,0,0
731149885,6848266130,6848266133,4,0,0,0,0,0
731149886,6848266143,6848266145,3,1,1,0,0,0
731149887,318623669,6848266153,2,1,1,0,0,0
731150868,6848243019,6848243019,21,0,0,0,0,0
731150869,1151627364,1151627364,24,0,0,0,0,0
731178620,6848544816,6848544817,2,1,1,0,0,0
731178621,6848544818,6848544818,29,0,0,0,0,0
731178622,6848544848,6848544848,14,0,0,0,0,0
731178623,6848544859,6848544859,6,0,0,0,0,0
731179182,314458919,314458932,5,0,0,0,0,0
731179183,320047547,320047547,14,0,0,0,0,0
736559727,6896176460,6896176467,8,0,0,0,0,0
737191241,6901643414,6901643419,6,0,0,0,0,0
737197654,6901707354,6901707356,3,0,0,0,0,0
737210463,6901852811,6901852815,6,0,0,0,0,0
737210464,6901852816,6901852817,2,0,0,0,0,0
739496014,6924059743,6924059745,3,0,0,0,0,0
739799266,6927104439,6927104441,3,0,0,0,0,0
739799267,6927104442,6927104443,2,0,0,0,0,0
739799268,6927104444,6927104447,4,0,0,0,0,0
740125771,6929685946,6929685952,7,0,0,0,0,0
740125772,6929685953,6929685954,3,0,0,0,0,0
740933219,1151662569,6936880625,6,0,0,0,0,0
741809889,318623612,6944339661,8,0,0,0,0,0
741824437,1602025769,6944478723,5,0,0,0,0,0
741869728,6944912408,6944912409,2,0,0,0,0,0
741869729,6944912410,6944912413,5,0,0,0,0,0
741869730,6944912409,6944912410,2,0,0,0,0,0
741869731,6944912414,6944912427,14,0,0,0,0,0
741869732,6944912416,1151662569,4,0,0,0,0,0
741887112,6945090722,6945090728,7,0,0,0,0,0
745351174,6977070642,6977070642,6,0,0,0,0,0
745351175,6977070646,6977070647,2,0,0,0,0,0
746884458,1029555200,6989110112,14,0,0,0,0,0
746884459,6989110116,6989110118,3,0,0,0,0,0
746884460,6989110119,6989110123,5,0,0,0,0,0
746884461,6989110124,6989110133,10,0,0,0,0,0
746886461,1457191161,6989109879,4,0,0,0,0,0
746886462,6989109880,6989109882,3,0,0,0,0,0
746890659,6989145797,6989145803,7,0,0,0,0,0
746891587,1457220999,6989165388,6,0,0,0,0,0
746891588,6989165390,6989165394,8,0,0,0,0,0
746892394,6989145460,6989145465,6,0,0,0,0,0
746892395,5492150430,6989145471,7,0,0,0,0,0
746894427,6989181372,6989181373,2,0,0,0,0,0
746894428,6989181374,6989181375,3,0,0,0,0,0
746894429,6989181376,6989181377,2,0,0,0,0,0
746904305,469417400,6989278811,9,0,0,0,0,0
746939146,6989532565,6989532579,15,0,0,0,0,0
746939147,6989532580,6989544585,6,0,0,0,0,0
746939912,6989548694,6989548698,5,0,0,0,0,0
746941238,6989534267,6989534268,2,0,0,0,0,0
758998071,7089252264,7089252276,20,0,0,0,0,0
760003840,7099603248,7099603248,22,0,0,0,0,0
760003975,7106510184,7106510184,8,0,0,0,0,0
760004533,6848266162,7099662641,2,0,0,0,0,0
760004762,7099643165,7099643165,7,0,0,0,0,0
760005051,7102201794,7099640683,6,0,0,0,0,0
760005272,6848266090,10118247290,8,0,0,0,0,0
760009079,7099662641,7099696562,3,0,0,0,0,0
760010525,7099705167,7099705167,11,0,0,0,0,0
760010526,7099705168,7099705168,24,0,0,0,0,0
760142164,7101081688,7101081688,5,0,0,0,0,0
760142301,3772976856,290344765,19,0,0,0,0,0
760142302,3086675832,3086675830,2,0,0,0,0,0
760142303,290344765,3086675832,2,0,0,0,0,0
760142903,7101081206,4202216738,5,0,0,0,0,0
760142904,7101081207,7101081210,8,0,0,0,0,0
760142905,7101081206,7101081207,3,0,0,0,0,0
760145407,1151625799,1151625799,5,0,0,0,0,0
760519992,7104662299,7104662300,3,0,0,0,0,0
760716833,7101081206,7089252273,3,0,0,0,0,0
760716993,7106500060,7106500060,10,0,0,0,0,0
760717024,7106510173,7106510173,11,0,0,0,0,0
760717025,7106519986,7106519986,5,0,0,0,0,0
760717026,7106510177,7106510177,15,0,0,0,0,0
760717115,3772995522,3772995522,11,0,0,0,0,0
760717150,7106484533,7106484533,14,0,0,0,0,0
760717151,11470271186,11470271186,10,0,0,0,0,0
760717646,7106517343,7106517343,5,0,0,0,0,0
760717647,11470271257,11470271257,6,0,0,0,0,0
760717648,7106517337,7106517337,5,0,0,0,0,0
760717749,11470271322,11470271322,18,0,0,0,0,0
760717750,7106467486,7106467486,11,0,0,0,0,0
760717751,11470271245,11470271245,8,0,0,0,0,0
760717752,7106467509,7106467509,5,0,0,0,0,0
763383678,4402339416,7133236398,5,0,0,0,0,0
763404834,7133465299,7133465303,5,0,0,0,0,0
765900091,7146172803,324711429,2,3,3,0,0,0
765900092,469417407,7146172827,26,0,0,0,0,0
768016331,7170842024,7170842029,6,0,0,0,0,0
768016332,7170842030,7170842032,3,0,0,0,0,0
768522734,3222080486,7175007401,6,0,0,0,0,0
775787806,1211944900,1211944900,5,0,0,0,0,0
775787807,1211944903,1211944903,5,0,0,0,0,0
777527810,333760223,2739060997,4,0,0,0,0,0
777527811,2739060997,2739060961,63,0,0,0,0,0
777527812,2739060975,7256065821,28,0,0,0,0,0
777823895,7259103657,7259103657,95,0,0,0,0,0
778373729,9554327213,9554327213,20,0,0,0,0,0
778373730,7256065807,7256065807,23,0,0,0,0,0
778379179,7264731864,7264731864,9,0,0,0,0,0
778379181,7177397818,7177397818,60,0,0,0,0,0
778379184,1151625737,1151625737,48,0,0,0,0,0
779435749,7278348935,7278348935,5,0,0,0,0,0
780816911,7290834003,7290834007,6,0,0,0,0,0
780816912,7290834008,7290834010,5,0,0,0,0,0
780816913,7290834011,7290834020,10,0,0,0,0,0
781739957,7298680535,7298680541,7,0,0,0,0,0
784361275,7327122128,7327122129,2,0,0,0,0,0
784361276,7327122130,7327122131,2,0,0,0,0,0
784361277,7327122132,7327122134,3,0,0,0,0,0
784361278,7327122135,7327122139,6,0,0,0,0,0
785824721,7345866381,7345866383,3,0,0,0,0,0
786470270,7353728985,7353728990,6,0,0,0,0,0
786470271,7353728991,7353728992,3,0,0,0,0,0
787155833,7359034824,7359034830,8,0,0,0,0,0
787155834,7359034832,7359034836,5,0,0,0,0,0
787470068,7362600854,7362600855,2,1,1,0,0,0
787498735,8281901031,7362919808,2,0,0,0,0,0
787538908,6901643416,7363294667,3,0,0,0,0,0
789149338,7377946493,7377946494,2,0,0,0,0,0
789754581,7383896602,7383896604,3,0,0,0,0,0
789940135,2001036017,7385561392,12,0,0,0,0,0
794337608,1029555298,4083073294,4,0,0,0,0,0
794337609,1029802951,7429355277,3,0,0,0,0,1
794337610,7327122129,7429355279,3,0,0,0,0,0
794758857,7433585983,7433586588,6,0,0,0,0,0
798246564,310395645,7465926059,2,0,0,0,0,0
802370338,7505359489,7505359494,6,0,0,0,0,0
812912217,7593041572,7593041573,2,0,0,0,0,0
823492790,7688139432,7688139432,11,0,0,0,0,0
823492791,7688139442,7688139442,11,0,0,0,0,0
823492792,7688139452,7688139452,19,0,0,0,0,0
823492793,7688139470,7688139470,17,0,0,0,0,0
823492794,7688152086,7688152086,5,0,0,0,0,0
823492795,7688152090,7688152090,13,0,0,0,0,0
823492796,7688152102,7688152102,14,0,0,0,0,0
823492797,7688152115,7688152115,11,0,0,0,0,0
823492798,7688152125,7688152125,11,0,0,0,0,0
823492799,7688152135,7688152135,7,0,0,0,0,0
823492800,7688152141,7688152141,11,0,0,0,0,0
823492801,7688152151,7688152151,5,0,0,0,0,0
823492802,7688152155,7688152155,9,0,0,0,0,0
823541048,7688798014,7688798014,13,0,0,0,0,0
823541049,7688798026,7688798026,5,0,0,0,0,0
823541050,7688798030,7688798030,13,0,0,0,0,0
823541051,7688798042,7688798042,15,0,0,0,0,0
823541052,7688798056,7688798056,13,0,0,0,0,0
823541053,7688798068,7688798068,19,0,0,0,0,0
823541054,7688801086,7688801086,10,0,0,0,0,0
823541055,7688801095,7688801095,5,0,0,0,0,0
823541056,7688801099,7688801099,11,0,0,0,0,0
823541057,7688801109,7688801109,15,0,0,0,0,0
823541058,7688801123,7688801123,5,0,0,0,0,0
823541059,7688801127,7688801127,13,0,0,0,0,0
823541060,7688801138,7688801138,5,0,0,0,0,0
823541061,7688801142,7688801142,9,0,0,0,0,0
823541062,7688801150,7688801150,9,0,0,0,0,0
823541063,7688801158,7688801158,7,0,0,0,0,0
823541064,7688801164,7688801164,13,0,0,0,0,0
823541065,7688801176,7688801176,9,0,0,0,0,0
823541066,7688801184,7688801184,7,0,0,0,0,0
824488913,1029802862,7698766996,5,0,0,0,0,0
831645475,7764392285,7764392295,3,0,0,0,0,0
831645476,7764392315,7764392315,14,0,0,0,0,0
831645477,7764392300,7764392300,5,0,0,0,0,0
831645479,4651123896,11701927275,10,0,0,0,0,0
831645480,7764392290,7764392290,12,0,0,0,0,0
831645481,7764392323,7764392323,5,0,0,0,0,0
831645482,4651122987,7764392317,12,0,0,0,0,0
831654248,7764471025,7764471027,3,0,0,0,0,0
831670794,7764624339,1029802769,3,0,0,0,0,0
837261240,7814116915,7814116915,7,0,0,0,0,0
841161545,1151662510,7848554093,3,0,0,0,0,0
844740338,7880916432,318661513,8,2,2,0,0,0
845236495,7885757060,7885757065,7,0,0,0,0,0
849583187,318623630,6848266090,5,3,3,0,0,1
850141213,7931458817,7931458837,24,0,0,0,0,0
850141214,7931458838,7931458829,4,0,0,0,0,0
850141215,7931458841,7931458843,10,0,0,0,0,0
861326889,8027666138,8027666146,9,0,0,0,0,0
866058550,8072370157,8072370157,5,0,0,0,0,0
866058551,8072370160,8072370160,8,0,0,0,0,0
866058552,8072370161,8072370161,8,0,0,0,0,0
866058553,8072370165,8072370165,8,0,0,0,0,0
866058554,8072370175,8072370175,5,0,0,0,0,0
866058555,8072370177,8072370177,5,0,0,0,0,0
866058556,8072370178,8072370178,7,0,0,0,0,0
866058557,8072370186,8072370186,7,0,0,0,0,0
866058558,8072370192,8072370192,7,0,0,0,0,0
866058559,8072370198,8072370198,7,0,0,0,0,0
866058560,8072370204,8072370204,7,0,0,0,0,0
866058561,8072370215,8072370215,7,0,0,0,0,0
866058562,8072381821,8072381821,7,0,0,0,0,0
866058563,8072381827,8072381827,7,0,0,0,0,0
866058564,8072381833,8072381833,5,0,0,0,0,0
866058565,8072381837,8072381837,5,0,0,0,0,0
866058566,8072381841,8072381841,5,0,0,0,0,0
866058567,8072381845,8072381845,5,0,0,0,0,0
866058568,8072381851,8072381851,5,0,0,0,0,0
866058569,8072381855,8072381855,5,0,0,0,0,0
866058570,8072381859,8072381859,5,0,0,0,0,0
866058571,8072381863,8072381863,5,0,0,0,0,0
866058572,8072381867,8072381867,5,0,0,0,0,0
866058573,8072381871,8072381871,5,0,0,0,0,0
866058574,8072381875,8072381875,5,0,0,0,0,0
866058575,8072381879,8072381879,5,0,0,0,0,0
866058576,8072381885,8072381885,7,0,0,0,0,0
866058577,8072381891,8072381891,7,0,0,0,0,0
866058578,8072381897,8072381897,7,0,0,0,0,0
866058579,8072381903,8072381903,7,0,0,0,0,0
866058580,8072381909,8072381909,7,0,0,0,0,0
866058581,8072381915,8072381915,7,0,0,0,0,0
866058582,8072381921,8072381921,7,0,0,0,0,0
866058583,8072381927,8072381927,7,0,0,0,0,0
866058584,8072381933,8072381933,7,0,0,0,0,0
866058585,8072381937,8072381937,7,0,0,0,0,0
866058586,8072381941,8072381941,8,0,0,0,0,0
866058587,8072381952,8072381952,5,0,0,0,0,0
866058588,8072381945,8072381945,6,0,0,0,0,0
866058589,8072381949,8072381949,5,0,0,0,0,0
866058590,8072381934,8072381934,5,0,0,0,0,0
866058591,8072381935,8072381935,5,0,0,0,0,0
866058592,8072381939,8072381939,5,0,0,0,0,0
866058593,8072381958,8072381958,5,0,0,0,0,0
866058594,8072381961,8072381961,5,0,0,0,0,0
866058595,8072381962,8072381962,8,0,0,0,0,0
866058596,8072381970,8072381970,5,0,0,0,0,0
866058597,8072381974,8072381974,5,0,0,0,0,0
866058598,8072381978,8072381978,5,0,0,0,0,0
866058599,8072381982,8072381982,5,0,0,0,0,0
866058600,8072381986,8072381986,5,0,0,0,0,0
866058601,8072381990,8072381990,5,0,0,0,0,0
866058602,8072381994,8072381994,5,0,0,0,0,0
866058603,8072381998,8072381998,5,0,0,0,0,0
866058604,8072382002,8072382002,5,0,0,0,0,0
866058605,8072382014,8072382014,5,0,0,0,0,0
866058606,8072382018,8072382018,5,0,0,0,0,0
866058607,8072382022,8072382022,5,0,0,0,0,0
866058608,8072382026,8072382026,5,0,0,0,0,0
866058609,8072382030,8072382030,5,0,0,0,0,0
866058610,8072382034,8072382034,7,0,0,0,0,0
866058611,8072382040,8072382040,5,0,0,0,0,0
866058612,8072382044,8072382044,5,0,0,0,0,0
866058613,8072382048,8072382048,5,0,0,0,0,0
866058614,8072382052,8072382052,5,0,0,0,0,0
869986633,1151662510,8105795399,2,0,0,0,0,0
870342423,8108167117,8108167117,5,0,0,0,0,0
870342424,8108167121,8108167121,5,0,0,0,0,0
870342425,8108167123,8108167123,13,0,0,0,0,0
870342426,8108167133,8108167133,6,0,0,0,0,0
870342428,8108167145,8108167145,5,0,0,0,0,0
870342429,8108167149,8108167149,5,0,0,0,0,0
870342430,8108167153,8108167153,5,0,0,0,0,0
870342435,8108167228,8108167228,9,0,0,0,0,0
870342436,8108167235,8108167235,12,0,0,0,0,0
870342437,8108167247,8108167247,10,0,0,0,0,0
870342438,8108167258,8108167258,5,0,0,0,0,0
870342439,8108167260,8108167260,15,0,0,0,0,0
870342440,8108167280,8108167280,9,0,0,0,0,0
870342441,8108167284,8108167284,5,0,0,0,0,0
870342442,8108167288,8108167288,5,0,0,0,0,0
870342443,8108167292,8108167292,5,0,0,0,0,0
870342444,8108167293,8108167293,17,0,0,0,0,0
870342445,8108167318,8108167318,19,0,0,0,0,0
870342446,8108151203,8108151203,17,0,0,0,0,0
870342447,8108167347,8108167347,14,0,0,0,0,0
870342448,8108167367,8108167367,5,0,0,0,0,0
870342449,8108167371,8108167371,5,0,0,0,0,0
870342450,8108167375,8108167375,5,0,0,0,0,0
870421469,8108631639,8108631639,105,0,0,0,0,0
870425274,8108651829,8108651829,5,0,0,0,0,0
870425275,8108651834,8108651834,6,0,0,0,0,0
870451006,8108835763,8108835763,9,0,0,0,0,0
872013891,8122038114,8122038114,5,0,0,0,0,0
872013892,8122038115,8122038115,5,0,0,0,0,0
872013893,8122069418,8122069418,7,0,0,0,0,0
872013894,8122069420,8122069420,5,0,0,0,0,0
872013895,8122069423,8122069423,7,0,0,0,0,0
872013896,8122069426,8122069426,7,0,0,0,0,0
872013897,8122069430,8122069430,6,0,0,0,0,0
872013898,8122069433,8122069433,6,0,0,0,0,0
872013899,8122069439,8122069439,5,0,0,0,0,0
872013900,8122069440,8122069440,5,0,0,0,0,0
872013901,8122069443,8122069443,8,0,0,0,0,0
872013902,8122069454,8122069454,5,0,0,0,0,0
872013903,8122069456,8122069456,5,0,0,0,0,0
872013904,8122069459,8122069459,5,0,0,0,0,0
872013905,8122069461,8122069461,5,0,0,0,0,0
872013906,8122069462,8122069462,5,0,0,0,0,0
872013907,8122069465,8122069465,5,0,0,0,0,0
872013908,8122069467,8122069467,5,0,0,0,0,0
872013909,8122069469,8122069469,5,0,0,0,0,0
872013910,8122069472,8122069472,5,0,0,0,0,0
872013911,8122069475,8122069475,5,0,0,0,0,0
872013912,8122069478,8122069478,5,0,0,0,0,0
872013913,8122069480,8122069480,6,0,0,0,0,0
872013914,8122069485,8122069485,7,0,0,0,0,0
872013915,8122069487,8122069487,8,0,0,0,0,0
872013916,8122069491,8122069491,7,0,0,0,0,0
872013917,8122069495,8122069495,7,0,0,0,0,0
872013918,8122069500,8122069500,8,0,0,0,0,0
872013919,8122069504,8122069504,7,0,0,0,0,0
872013920,8122069513,8122069513,5,0,0,0,0,0
872013921,8122069521,8122069521,5,0,0,0,0,0
872013922,8122069521,8122069521,5,0,0,0,0,0
872013923,8122069527,8122069527,5,0,0,0,0,0
872013924,8122069527,8122069527,5,0,0,0,0,0
872013925,8122069533,8122069533,5,0,0,0,0,0
872013926,8122069533,8122069533,5,0,0,0,0,0
872013927,8122069539,8122069539,5,0,0,0,0,0
872013928,8122069539,8122069539,5,0,0,0,0,0
872013929,8122069545,8122069545,9,0,0,0,0,0
872013930,8122069551,8122069551,5,0,0,0,0,0
872013931,8122069552,8122069552,5,0,0,0,0,0
872013932,8122069555,8122069555,5,0,0,0,0,0
872013933,8122069557,8122069557,8,0,0,0,0,0
872013934,8122069560,8122069560,11,0,0,0,0,0
872013935,8122069586,8122069586,7,0,0,0,0,0
872013936,8122069592,8122069592,9,0,0,0,0,0
872013937,8122069600,8122069600,7,0,0,0,0,0
872013938,8122069606,8122069606,8,0,0,0,0,0
872013939,8122069612,8122069612,5,0,0,0,0,0
872013940,8122069614,8122069614,5,0,0,0,0,0
872013941,8122069615,8122069615,5,0,0,0,0,0
872013942,8122069618,8122069618,5,0,0,0,0,0
872013943,8122069620,8122069620,5,0,0,0,0,0
872013944,8122069623,8122069623,5,0,0,0,0,0
872013945,8122069626,8122069626,5,0,0,0,0,0
872013946,8122069628,8122069628,5,0,0,0,0,0
872013947,8122069624,8122069624,5,0,0,0,0,0
872013948,8122069631,8122069631,5,0,0,0,0,0
872013949,8122069633,8122069633,9,0,0,0,0,0
872013950,8122069641,8122069641,5,0,0,0,0,0
872013951,8122069645,8122069645,5,0,0,0,0,0
872013952,8122069645,8122069645,5,0,0,0,0,0
872013953,8122069651,8122069651,27,0,0,0,0,0
872013954,8122069677,8122069677,5,0,0,0,0,0
872013955,8122069678,8122069678,5,0,0,0,0,0
872013956,8122069681,8122069681,7,0,0,0,0,0
872013957,8122069683,8122069683,8,0,0,0,0,0
872013958,8122069687,8122069687,8,0,0,0,0,0
872013959,8122069691,8122069691,7,0,0,0,0,0
872013960,8122069701,8122069701,7,0,0,0,0,0
872013961,8122069707,8122069707,10,0,0,0,0,0
872013962,8122069712,8122069712,7,0,0,0,0,0
872013963,8122069716,8122069716,7,0,0,0,0,0
872013964,8122069720,8122069720,7,0,0,0,0,0
872013965,8122069722,8122069722,5,0,0,0,0,0
872025552,8122156393,8122156393,9,0,0,0,0,0
872025553,8122156393,8122156393,5,0,0,0,0,0
872025554,8122156403,8122156403,8,0,0,0,0,0
872025555,8122156410,8122156410,10,0,0,0,0,0
872025556,8122163218,8122163218,5,0,0,0,0,0
872025557,8122163221,8122163221,5,0,0,0,0,0
872025558,8122163222,8122163222,5,0,0,0,0,0
872025559,8122163225,8122163225,5,0,0,0,0,0
872025560,8122163227,8122163227,5,0,0,0,0,0
872025561,8122163228,8122163228,5,0,0,0,0,0
872025562,8122163232,8122163232,5,0,0,0,0,0
872025563,8122163234,8122163234,5,0,0,0,0,0
872025564,8122163236,8122163236,5,0,0,0,0,0
872025565,8122163238,8122163238,5,0,0,0,0,0
872025566,8122163241,8122163241,5,0,0,0,0,0
872025567,8122163243,8122163243,5,0,0,0,0,0
872025568,8122163246,8122163246,9,0,0,0,0,0
872025569,8122163246,8122163246,7,0,0,0,0,0
872025570,8122163254,8122163254,10,0,0,0,0,0
872025571,8122163258,8122163258,5,0,0,0,0,0
872025572,8122163267,8122163267,5,0,0,0,0,0
872025573,8122163267,8122163267,5,0,0,0,0,0
872025574,8122163272,8122163272,5,0,0,0,0,0
872025575,8122163273,8122163273,5,0,0,0,0,0
872025576,8122163277,8122163277,7,0,0,0,0,0
872025577,8122163282,8122163282,8,0,0,0,0,0
872025578,8122163283,8122163283,7,0,0,0,0,0
872025579,8122163287,8122163287,11,0,0,0,0,0
872025580,8122163292,8122163292,7,0,0,0,0,0
872025581,8122163299,8122163299,9,0,0,0,0,0
872025582,8122163326,8122163326,7,0,0,0,0,0
872025583,8122163328,8122163328,8,0,0,0,0,0
872025584,8122163335,8122163335,8,0,0,0,0,0
872025585,8122163340,8122163340,8,0,0,0,0,0
872025586,8122163346,8122163346,8,0,0,0,0,0
872025587,8122163347,8122163347,8,0,0,0,0,0
872025588,8122163353,8122163353,8,0,0,0,0,0
872025589,8122163362,8122163362,7,0,0,0,0,0
872025590,8122163363,8122163363,7,0,0,0,0,0
872025591,8122163370,8122163370,7,0,0,0,0,0
872025592,8122163375,8122163375,7,0,0,0,0,0
872849813,8128118426,8128118428,3,0,0,0,0,0
879604854,8108167294,8108167294,10,0,0,0,0,0
879604855,8108151204,8108151204,10,0,0,0,0,0
879604856,4202216816,4202216816,11,0,0,0,0,0
879604857,4202216794,4202216794,5,0,0,0,0,0
879604858,4202216791,4202216791,21,0,0,0,0,0
879751247,8183830961,8183830946,2,0,0,0,0,0
879751248,8183830955,8183830947,9,0,0,0,0,0
879751249,8183830960,8183830956,5,0,0,0,0,0
879751250,4651123900,8183830962,10,0,0,0,0,0
879751251,8183830976,8183830970,7,0,0,0,0,0
879751252,8183830980,8183830980,5,0,0,0,0,0
879751253,4651122987,8183830981,3,0,0,0,0,0
879751254,4651122986,8183830983,2,0,0,0,0,0
879751255,8183830987,8183830986,2,0,0,0,0,0
879751256,8183830993,8183830988,7,0,0,0,0,0
879751257,8183830999,8183830995,7,0,0,0,0,0
879751258,3222080467,8183831001,4,0,0,0,0,0
879751259,8183831009,8183831010,10,0,0,0,0,0
879751260,8183831010,8183831011,2,0,0,0,0,0
879751261,8183835833,8183831011,21,0,0,0,0,0
885124795,7414630017,290344559,15,5,5,0,0,0
886067577,290344585,290344591,3,5,5,0,0,0
886067578,290344589,290344587,3,5,5,0,0,0
886067579,290344720,290344650,2,5,5,0,0,0
887736353,8253700526,8253700527,2,0,0,0,0,0
891048979,1151627216,1151627216,8,0,0,0,0,0
891072470,6848544852,6848544859,7,0,0,0,0,0
891072471,8281879303,8281879304,2,0,0,0,0,0
891072472,8281879304,8281879305,3,0,0,0,0,0
891072473,8281879304,8281879307,3,0,0,0,0,0
891072474,8281879308,8281879309,2,0,0,0,0,0
891072475,8281879312,8281879312,5,0,0,0,0,0
891072476,8281879316,8281879316,5,0,0,0,0,0
891072477,8281901025,8281901025,5,0,0,0,0,0
891072478,7362919805,8281901031,2,0,0,0,0,0
891072479,8281901032,8281901032,10,0,0,0,0,0
891072480,320047569,320047569,9,0,0,0,0,0
895381323,6924059743,8322884455,7,0,0,0,0,0
897385769,1457191217,8340685247,10,0,0,0,0,0
897385770,8340685248,8340685256,9,0,0,0,0,0
897388263,315392683,8340702897,4,0,0,0,0,0
897395577,8340763688,8340763701,14,0,0,0,0,0
897398652,1470724391,8340782031,9,0,0,0,0,0
897398653,8340782024,8340782035,5,0,0,0,0,0
897417927,320047556,8340918665,7,0,0,0,0,0
897420366,8340934652,8340934661,10,0,0,0,0,0
897420367,8340934667,8340934673,8,0,0,0,0,0
897420368,8340934674,8340934677,4,0,0,0,0,0
897423164,8340932516,8340970219,6,0,0,0,0,0
897423165,8340970224,1029802800,4,0,0,0,0,0
897433976,315392611,8341038102,6,0,0,0,0,0
897433977,8341038104,8341038108,8,0,0,0,0,0
897435765,8340996903,8340996906,5,0,0,0,0,0
897457581,8341206677,8341206686,11,0,0,0,0,0
897487292,5120541732,8341488380,13,0,0,0,0,0
897498055,8341594119,8341594121,5,0,0,0,0,0
897500291,6936880625,8341600285,6,0,0,0,0,0
897509242,6945090728,8341671009,7,0,0,0,0,0
897516055,469417564,8341740125,4,0,0,0,0,0
900169808,8362808942,8362808941,2,0,0,0,0,0
900169809,8362808940,8362808942,2,0,0,0,0,0
900169810,2547519686,8362808955,14,0,0,0,0,0
900169811,8362808996,8362808956,2,0,0,0,0,0
900169814,2547519686,8362808996,2,0,0,0,0,0
905421288,8408289948,8408289948,5,0,0,0,0,0
905421289,8408289952,8408289952,5,0,0,0,0,0
908139806,8432511111,8432511112,2,0,0,0,0,0
908139807,8432511113,8432511114,3,0,0,0,0,0
917117511,1723763381,1723763383,2,3,3,0,0,0
917117512,7414630016,8122163319,4,2,2,0,0,0
918679210,8531905513,8532011429,2,0,0,0,0,0
918679211,8531905514,8532011432,2,0,0,0,0,0
918679212,8531905488,8532011432,2,0,0,0,0,0
918679213,8531905504,8531905504,10,0,0,0,0,0
918679214,8531905515,8531905515,5,0,0,0,0,0
918679215,8532011417,8532011417,7,0,0,0,0,0
918679216,8122069436,8122069436,8,0,0,0,0,0
918679217,8531905491,8531905491,6,0,0,0,0,0
918679218,3084552054,3084552054,5,0,0,0,0,0
918679219,8531905480,8531905480,5,0,0,0,0,0
918679220,8532011426,8532011426,21,0,0,0,0,0
918679221,8531905494,8531905494,5,0,0,0,0,0
918679222,8532011433,8531905507,2,0,0,0,0,0
918679223,8532011427,8532011427,6,0,0,0,0,0
918681154,8532022844,8532022841,5,0,0,0,0,0
918681155,8532022859,8532022859,17,0,0,0,0,0
918681156,8532022856,8532022856,5,0,0,0,0,0
918681157,8532022849,8532022853,2,0,0,0,0,0
918681158,8532022847,8532022840,2,0,0,0,0,0
918681159,8532022850,8532022854,2,0,0,0,0,0
918684800,8532058979,8532058979,8,0,0,0,0,0
918684801,8532058978,8532058978,5,0,0,0,0,0
918684802,8532058977,8532058977,5,0,0,0,0,0
918684803,8532058976,8532058976,5,0,0,0,0,0
918684804,8532058977,8532058977,6,0,0,0,0,0
918684805,8532058946,8532058946,11,0,0,0,0,0
918684806,8532058982,8532058982,9,0,0,0,0,0
918684807,8532058983,8532058983,9,0,0,0,0,0
918687313,8532084510,8532084510,9,0,0,0,0,0
918687314,8532084451,8532084451,7,0,0,0,0,0
918687315,8532084491,8532084491,9,0,0,0,0,0
918687316,8532084504,8532084504,7,0,0,0,0,0
918687317,8532084502,8532084502,5,0,0,0,0,0
918687318,8532084475,8532084475,15,0,0,0,0,0
918687319,8532084511,8532084511,7,0,0,0,0,0
918687320,8532084490,8532084490,5,0,0,0,0,0
918687321,8532084455,8532084482,4,0,0,0,0,0
918687322,8532084463,8532084463,5,0,0,0,0,0
918687323,8532084501,8532084501,5,0,0,0,0,0
918860310,8533522825,8533522756,2,0,0,0,0,0
918860311,8533511283,1457220991,3,0,0,0,0,0
918860312,8533522745,8533522745,7,0,0,0,0,0
918860313,8533522726,8533522726,5,0,0,0,0,0
918860314,8533511305,8533511305,15,0,0,0,0,0
918860315,8533522720,8533522720,5,0,0,0,0,0
918860316,8533522739,8533522739,5,0,0,0,0,0
918860317,8533522719,8533522719,7,0,0,0,0,0
918860318,8533522767,8533522767,5,0,0,0,0,0
918860319,8533522759,8533522759,5,0,0,0,0,0
918860320,8533522766,8533522766,5,0,0,0,0,0
918860321,8533511291,8533511291,7,0,0,0,0,0
918860323,8533522721,8533522721,7,0,0,0,0,0
918860324,8533511315,8533511315,7,0,0,0,0,0
918860325,8533522843,8533522843,5,0,0,0,0,0
918860326,8533522741,1151662517,2,0,0,0,0,0
918860327,8533522792,8533522792,5,0,0,0,0,0
918860328,8533522761,8533522761,5,0,0,0,0,0
918860329,8533522738,8533522738,7,0,0,0,0,0
918860330,8533522747,8533522747,9,0,0,0,0,0
918860331,8533522811,8533522811,13,0,0,0,0,0
918860332,8533522800,8533522800,8,0,0,0,0,0
918860333,8533522774,8533522774,5,0,0,0,0,0
918860334,8533522765,8533522765,5,0,0,0,0,0
918860335,8533511287,8533511287,5,0,0,0,0,0
918860336,8533522835,8533522835,7,0,0,0,0,0
918860337,8533522748,8533522748,5,0,0,0,0,0
918860338,8533522746,8533522746,5,0,0,0,0,0
918860339,1457191193,1457220969,2,0,0,0,0,0
918860340,8533522770,8533522770,6,0,0,0,0,0
918860341,8533522758,8533522758,5,0,0,0,0,0
918860342,8533522734,8533522734,5,0,0,0,0,0
918860343,8533511313,8533511313,6,0,0,0,0,0
918860344,1457220969,8533511283,2,0,0,0,0,0
918860345,8533522762,8533522762,5,0,0,0,0,0
918860346,8533522805,8533522805,7,0,0,0,0,0
918860347,8533522732,8533522732,5,0,0,0,0,0
918860348,8533522791,8533522791,5,0,0,0,0,0
918867306,8533575820,8533575820,9,0,0,0,0,0
918868819,8533575817,8533575824,2,0,0,0,0,0
918870095,1457221025,1457221025,7,0,0,0,0,0
918870096,1823318773,1823318773,15,0,0,0,0,0
919183988,5906166674,8536911500,4,0,0,0,0,0
919183989,8536911505,170706769,2,2,2,0,0,0
927144050,8602425672,8602425676,5,0,0,0,0,0
927661929,8606349223,1456729499,11,0,0,0,0,0
929481041,1029835030,8620186062,2,0,0,0,0,0
929482394,8620184887,8620184889,3,0,0,0,0,0
929594438,8621041164,8621041168,7,0,0,0,0,0
933406923,3772994160,3772994160,22,0,0,0,0,0
933406924,8651974317,8651974317,5,0,0,0,0,0
933406925,8651974321,8651974321,7,0,0,0,0,0
933406926,8651974330,8651974330,8,0,0,0,0,0
933406927,8651974330,8651974330,5,0,0,0,0,0
933406928,8651974336,8651974336,7,0,0,0,0,0
933406929,8651974332,8651974332,5,0,0,0,0,0
933406930,8651974345,8651974345,5,0,0,0,0,0
933406931,8651974347,8651974347,8,0,0,0,0,0
933406932,8651974353,8651974353,5,0,0,0,0,0
933406933,8651974355,8651974355,5,0,0,0,0,0
933406934,8122156414,8122156414,12,0,0,0,0,0
933406935,8651974384,8651974389,6,0,0,0,0,0
933406936,8651974395,8651974393,2,0,0,0,0,0
933406937,8651974393,3086698238,2,0,0,0,0,0
933406938,8651974393,318661501,2,0,0,0,0,0
933406939,8651974404,8651974404,8,0,0,0,0,0
933406940,8651974409,8651974409,7,0,0,0,0,0
933406941,8651974423,8651974423,5,0,0,0,0,0
933406942,8651974427,8651974427,5,0,0,0,0,0
933406943,8651974431,8651974431,6,0,0,0,0,0
933406944,8651974435,8651974435,6,0,0,0,0,0
933406945,8651974441,8651974441,5,0,0,0,0,0
933406946,7106518352,7106518352,17,0,0,0,0,0
933406947,8651974480,8651974480,5,0,0,0,0,0
933406948,8651974484,8651974484,7,0,0,0,0,0
933406949,8651974519,8651974519,5,0,0,0,0,0
933406950,8651974522,8651974522,6,0,0,0,0,0
933406951,8651974523,8651974523,8,0,0,0,0,0
933406952,8651974525,8651974525,8,0,0,0,0,0
933406953,8651974530,8651974530,7,0,0,0,0,0
933406954,8651974535,8651974535,7,0,0,0,0,0
933406955,8651974544,8651974544,5,0,0,0,0,0
933406956,8651974547,8651974547,7,0,0,0,0,0
933406957,8651974550,8651974550,6,0,0,0,0,0
933406958,8651974553,8651974553,7,0,0,0,0,0
933406959,8651974554,8651974554,5,0,0,0,0,0
933406960,8651974561,8651974561,5,0,0,0,0,0
933406961,8651974565,8651974565,5,0,0,0,0,0
933406962,8651974569,8651974569,5,0,0,0,0,0
933406963,8651974572,8651974572,5,0,0,0,0,0
934453279,8122156401,8122156401,5,0,0,0,0,0
934453280,8660313281,8660313281,5,0,0,0,0,0
934453281,8660313284,8660313284,5,0,0,0,0,0
934453282,8660313286,8660313286,5,0,0,0,0,0
934453283,8660313287,8660313287,8,0,0,0,0,0
934453284,8660313289,8660313289,7,0,0,0,0,0
934453285,8660313296,8660313297,7,0,0,0,0,0
934453286,8660313298,8660313299,6,0,0,0,0,0
934453287,8651974573,8651974573,6,0,0,0,0,0
934453288,8660313303,8660313303,6,0,0,0,0,0
934453289,8660313307,8660313307,5,0,0,0,0,0
934453290,8660313309,8660313309,10,0,0,0,0,0
934453291,8660313316,8660313316,5,0,0,0,0,0
935428834,8668679256,8668679267,12,0,0,0,0,0
935428835,8668679265,8668679270,4,0,0,0,0,0
949834665,4202216357,1529916171,13,0,0,0,0,0
960125091,8883326257,8883326260,4,0,0,0,0,0
966533949,8942129016,8942144017,2,0,0,0,0,0
966538436,8942144036,8942144047,12,0,0,0,0,0
968021216,8955640077,8955640084,14,1,1,0,0,0
968021217,8955640088,8955640089,12,1,1,0,0,0
968021218,8955640090,8955640097,9,0,0,0,0,0
969754704,9073527045,9073527052,8,1,1,0,0,0
969754705,8974058975,8974058978,4,1,1,0,0,0
969754706,8974058975,9073527045,14,1,1,0,0,0
975872529,9030359351,9030359355,5,0,0,0,0,0
975872530,9030359361,9030359360,7,0,0,0,0,0
976828728,9039362639,9039362643,5,0,0,0,0,0
978375197,469417402,469417403,2,1,1,0,0,0
978375198,469417400,469417402,3,1,1,0,0,0
980882845,9073527065,9073527074,11,1,1,0,0,0
1005191707,9274409320,9274409320,5,0,0,0,0,0
1005983399,290344631,290344645,20,5,5,0,0,0
1005983400,4202216615,170706727,25,0,0,0,0,0
1005983660,290344773,290344772,11,5,5,0,0,0
1008402878,276985482,290344773,3,5,5,0,0,0
1008402879,290344772,290344775,3,5,5,0,0,0
1008402880,290344775,290344786,5,5,5,0,0,0
1036874980,9552332193,9552332193,5,0,0,0,0,0
1037082754,9553818581,9553818581,20,4,4,0,0,0
1037082755,9553818583,9553818568,2,4,4,0,0,0
1037082756,9553818573,9553818584,2,4,4,0,0,0
1037082757,9553818584,1925484745,2,4,4,0,0,0
1037082758,1925484746,9553818583,2,4,4,0,0,0
1037082759,5765683984,9553818584,10,4,4,0,0,0
1037082760,9553818600,9553818600,20,0,0,0,0,0
1037147113,9554327191,9554327208,22,1,1,0,0,0
1037147114,9553818571,9554327191,2,1,1,0,0,0
1037147115,9553818579,9554327191,2,1,1,0,0,0
1037147116,7264658253,7264658253,36,0,0,0,0,0
1037157185,6838100767,9554407757,2,0,0,0,0,0
1037169620,4715735555,4715735554,2,0,0,0,0,0
1037169621,9554502782,9554502782,13,0,0,0,0,0
1040922254,7101081203,320047575,2,0,0,0,0,0
1040922255,3450397192,3450397192,4,0,0,0,0,0
1057197408,9714088975,9714088975,5,0,0,0,0,0
1057197409,4402141188,4402141188,15,0,0,0,0,0
1059818610,9737251918,318661514,2,5,5,0,0,0
1065927725,9788824647,9788824647,6,0,0,0,0,0
1065927726,9788824651,1207362181,10,0,0,0,0,0
1075098446,9860331332,9860331332,5,0,0,0,0,0
1075098447,9860331336,9860331336,5,0,0,0,0,0
1077760674,9881626480,9881626480,6,0,0,0,0,0
1077760675,8955640085,8955640088,4,1,1,0,0,0
1077760676,11064432282,11768663053,24,1,1,0,0,0
1077760678,9881626490,9881626490,10,0,0,0,0,0
1085577673,320047431,320047431,5,0,0,0,0,0
1095429685,10031923524,8536911505,3,0,0,0,0,0
1115943752,10206814704,10206814706,2,0,0,0,0,0
1115943753,10206814706,10206814705,2,0,0,0,0,0
1115943754,3084552044,3084552043,2,0,0,0,0,0
1115943755,3086675829,3084552043,4,0,0,0,0,0
1115943756,3084552043,3084552042,2,0,0,0,0,0
1115945313,3772976856,3086675832,2,0,0,0,0,0
1118683918,10231217059,10231217059,7,0,0,0,0,0
1118683919,10231217065,10231217065,7,0,0,0,0,0
1118683920,10231217071,10231217075,5,0,0,0,0,0
1123535806,10274963881,10274963882,5,0,0,0,0,0
1132478863,10559630262,10559630262,5,0,0,0,0,0
1132480005,10559642210,10559642210,5,0,0,0,0,0
1132480007,10559642218,10559642218,5,0,0,0,0,0
1132480008,10559642222,10559642222,5,0,0,0,0,0
1132480009,10559642226,10559642226,5,0,0,0,0,0
1132480010,10559642230,10559642230,5,0,0,0,0,0
1132480011,10559642234,10559642234,5,0,0,0,0,0
1132483051,10559665416,10559665417,2,0,0,0,0,0
1132483052,10559665420,1207362173,3,0,0,0,0,0
1132483053,1207362181,1906896125,7,0,0,0,0,0
1132483054,9788824672,1207362196,4,0,0,0,0,0
1144934509,10656082092,10656082092,5,0,0,0,0,0
1144934511,10656082096,10656082096,5,0,0,0,0,0
1160852351,6848243021,6848243020,2,0,0,0,0,0
1160852352,6848243025,6848243026,2,0,0,0,0,0
1160852353,6848243020,6848243026,15,0,0,0,0,0
1160852354,6848243025,6848243021,5,0,0,0,0,0
1160949193,10798114693,10798114692,2,1,1,0,0,0
1160949194,10798123014,10798123011,4,0,0,0,0,0
1160949195,10798123015,1029566649,2,0,0,0,0,0
1160949196,10798123021,10798123016,7,0,0,0,0,0
1160949197,10798123027,10798123022,8,0,0,0,0,0
1163994847,10825266700,10825266700,30,0,0,0,0,0
1163995619,10825276913,10825276913,36,0,0,0,0,0
1171900026,10888867809,10888867809,12,0,0,0,0,0
1182253624,10978905751,10978905753,3,0,0,0,0,0
1182253625,10978905752,10978905754,2,0,0,0,0,0
1185968133,11015929978,1472355389,2,0,0,0,0,0
1190601096,11054839429,11054839424,6,1,1,0,0,0
1190968324,11058069925,11058069922,2,1,1,0,0,0
1191733172,9554327194,11064392985,14,1,1,0,0,0
1191736314,8955640084,11064404519,8,1,1,0,0,0
1191742106,9073527070,11064419891,14,1,1,0,0,0
1191744906,8974058974,8974058975,2,1,1,0,0,0
1191744907,8974058971,9073527065,10,1,1,0,0,0
1202079972,11144686007,11144686010,3,0,0,0,0,0
1202079973,11144686005,11144686006,4,0,0,0,0,0
1202105165,332207851,1925484724,14,0,0,0,0,0
1202105172,10118247290,10118247274,17,0,0,0,0,0
1209674457,9073527065,9073527045,9,1,1,0,0,0
1218605277,11291754376,11291754378,2,0,0,0,0,0
1218605278,11291754375,11291754376,2,0,0,0,0,0
1218605279,11291754373,11291754374,2,0,0,0,0,0
1218605280,11291754379,11291754373,2,0,0,0,0,0
1218605281,11291754374,11291754375,3,0,0,0,0,0
1218605491,11291760926,11291760927,2,0,0,0,0,0
1218605492,11291760925,11291760926,2,0,0,0,0,0
1218605493,11291760928,11291760925,2,0,0,0,0,0
1218606005,11291756994,11291756995,2,0,0,0,0,0
1218606006,11291756993,11291756994,2,0,0,0,0,0
1218606007,11291756996,11291756993,2,0,0,0,0,0
1218606332,11291779007,11291779006,2,0,0,0,0,0
1218606333,7089252272,11291779007,2,0,0,0,0,0
1218606334,11291779006,11291779009,2,0,0,0,0,0
1223204033,1529916167,7266871810,100,0,0,0,0,0
1223204042,1529916171,1529916167,2,0,0,0,0,0
1223204043,11346316429,332210100,3,0,0,0,0,0
1223204047,11346316428,11346316429,2,0,0,0,0,0
1235578608,11470271169,11470218167,3,0,0,0,0,0
1235578609,11470271170,11470271170,8,0,0,0,0,0
1235578610,11470271179,11470271179,11,0,0,0,0,0
1235578611,8122163316,11470271185,2,0,0,0,0,0
1235578612,11470271190,11470271190,7,0,0,0,0,0
1235578613,11470271195,11470271195,6,0,0,0,0,0
1235578614,11470271189,11470271189,5,0,0,0,0,0
1235578615,11470271188,11470271188,6,0,0,0,0,0
1235578616,11470271192,11470271192,5,0,0,0,0,0
1235578617,11470271231,11470271231,6,0,0,0,0,0
1235578618,11470271200,11470271200,5,0,0,0,0,0
1235578619,11470271201,11470271201,5,0,0,0,0,0
1235578620,11470271202,11470271202,5,0,0,0,0,0
1235578621,7106484536,7106484536,7,0,0,0,0,0
1235578622,11470271205,11470271205,8,0,0,0,0,0
1235578623,11470271207,11470271207,5,0,0,0,0,0
1235578624,11470271208,11470271208,8,0,0,0,0,0
1235578625,11470271210,11470271210,5,0,0,0,0,0
1235578626,11470271211,11470271211,10,0,0,0,0,0
1235578627,11470271218,11470271218,5,0,0,0,0,0
1235578628,11470271216,11470271216,7,0,0,0,0,0
1235578629,7106517331,7106517331,5,0,0,0,0,0
1235578630,11470271258,11470271258,5,0,0,0,0,0
1235578631,11470271259,11470271259,6,0,0,0,0,0
1235578632,11470271260,11470271260,5,0,0,0,0,0
1235578633,11470271262,11470271262,7,0,0,0,0,0
1235578634,7106517334,7106517334,10,0,0,0,0,0
1235578635,11470271234,11470271234,10,0,0,0,0,0
1235578636,11470271236,11470271236,8,0,0,0,0,0
1235578637,11470271334,11470271334,8,0,0,0,0,0
1235578638,11470271321,11470271321,6,0,0,0,0,0
1235578639,7106467504,7106467504,9,0,0,0,0,0
1235578640,11470271307,11470271307,7,0,0,0,0,0
1235578641,11470271242,11470271242,13,0,0,0,0,0
1235578643,11470271311,11470271311,11,0,0,0,0,0
1235578644,11470271300,11470271300,10,0,0,0,0,0
1235578645,11470271246,11470271246,7,0,0,0,0,0
1235578646,11470271283,11470271283,9,0,0,0,0,0
1235578647,11470271233,11470271233,11,0,0,0,0,0
1235578648,11470271279,11470271279,7,0,0,0,0,0
1235578649,10031923526,10031923526,8,0,0,0,0,0
1235578650,11470271318,11470271318,7,0,0,0,0,0
1235578701,11470237252,11470237251,2,0,0,0,0,0
1235578702,469417415,11470237252,2,0,0,0,0,0
1235588331,11470271270,11470271270,6,0,0,0,0,0
1235588332,7106517339,7106517339,5,0,0,0,0,0
1235588333,11470271285,11470271285,6,0,0,0,0,0
1239500516,1029840967,11514874700,2,1,1,0,0,0
1239500517,11514874718,11514874718,15,0,0,0,0,0
1239500518,11514874732,11514874732,13,0,0,0,0,0
1239500519,11514874744,11514874744,15,0,0,0,0,0
1239500520,11514874758,11514874761,4,0,0,0,0,0
1239500521,11514874766,11514874766,7,0,0,0,0,0
1239500522,11514884972,11514884972,5,0,0,0,0,0
1239500523,11514884976,11514884976,5,0,0,0,0,0
1239501892,11514857640,344215805,9,0,0,0,0,0
1239501893,11514857645,11514857640,3,0,0,0,0,0
1239501894,11514857657,11514857658,2,1,1,0,0,0
1239501895,11514857663,11514897671,9,0,0,0,0,0
1239501896,11514897672,11514897673,2,0,0,0,0,0
1239501897,11514897675,11514897683,9,0,0,0,0,0
1239501898,11514897698,11514897698,20,0,0,0,0,0
1239501899,11514897690,11514897714,14,0,0,0,0,0
1239501900,11514897719,11514897719,8,0,0,0,0,0
1239613435,11516068129,11516068129,6,0,0,0,0,0
1239613436,11516068133,11516068139,8,0,0,0,0,0
1239613437,11516068140,11516068141,2,0,0,0,0,0
1239613438,11516068142,11516068144,3,0,0,0,0,0
1239613439,11516068134,11516068143,5,0,0,0,0,0
1239613440,4202216506,4202216488,2,0,0,0,0,0
1246799962,4202216812,11591169103,2,0,0,0,0,0
1246799963,11591169103,4651122959,4,0,0,0,0,0
1246799964,11591169105,11591169106,2,0,0,0,0,0
1246799965,4651122939,11591169105,2,0,0,0,0,0
1247012096,11593011650,11593011654,5,0,0,0,0,0
1247012097,11593011656,11593011656,5,0,0,0,0,0
1247012098,11593011660,11593011660,5,0,0,0,0,0
1247012099,11593011664,11593011664,9,0,0,0,0,0
1247012100,11593011672,11593011673,2,0,0,0,0,0
1258801644,11701921245,11701921245,6,0,0,0,0,0
1258801645,11701921249,11701921250,2,0,0,0,0,0
1258801646,11701921251,11701921251,12,0,0,0,0,0
1258801647,11701927270,11701927269,5,0,0,0,0,0
1258801648,11701921261,11701921265,5,0,0,0,0,0
1258801649,11701921265,11701927270,2,0,0,0,0,0
1258801650,11701927271,11701921261,3,0,0,0,0,0
1258801652,11701927276,11701927293,19,1,1,0,0,0
1258801653,11701927307,11701927307,20,0,0,0,0,0
1258801654,11701927313,11701927321,10,0,0,0,0,0
1258801655,11701927322,11701927327,7,0,0,0,0,0
1258801656,11701927328,11701927331,6,0,0,0,0,0
1258801657,11701927331,11701927331,5,0,0,0,0,0
1258801658,11701927335,11701927335,13,0,0,0,0,0
1258801659,11701927347,11701927347,13,0,0,0,0,0
1258801660,11701927352,11701927352,11,0,0,0,0,0
1258801661,11701927367,11701927367,7,0,0,0,0,0
1258801662,11701927373,11701927373,5,0,0,0,0,0
1258801663,11701927374,11701927374,5,0,0,0,0,0
1258801664,11701927379,11701927379,5,0,0,0,0,0
1258801665,11701927383,11701927383,11,0,0,0,0,0
1258801666,11701927393,11701927393,9,0,0,0,0,0
1258801667,11701927401,11701927401,7,0,0,0,0,0
1258801668,11701927407,11701927407,5,0,0,0,0,0
1258801669,11701927410,11701927410,5,0,0,0,0,0
1258801670,11701927413,11701927413,11,0,0,0,0,0
1258801671,11701927423,11701927423,9,0,0,0,0,0
1258801672,11701927431,11701927431,11,0,0,0,0,0
1258801673,11701927441,11701927441,11,0,0,0,0,0
1258801674,11701927451,11701927447,5,0,0,0,0,0
1258801675,11701927455,11701927442,4,0,0,0,0,0
1258801676,11701927457,11701927467,17,0,0,0,0,0
1258801677,11701927374,11701927468,2,0,0,0,0,0
1258801678,11701927382,11701927470,3,0,0,0,0,0
1258801679,11701927379,11701927378,2,0,0,0,0,0
1258801680,11701927368,11701927376,2,0,0,0,0,0
1258801681,11701927387,11701927471,3,0,0,0,0,0
1258801682,11701927394,4202216850,2,0,0,0,0,0
1258801683,11701927402,11701927407,2,0,0,0,0,0
1258801684,11701927409,4202216849,2,0,0,0,0,0
1258801685,11701927424,11701927474,2,0,0,0,0,0
1258801686,11701927434,11701927475,2,0,0,0,0,0
1258801687,11701927476,11701927480,7,0,0,0,0,0
1258801688,11701927481,11701927352,2,0,0,0,0,0
1258801689,11701927482,11701927340,4,0,0,0,0,0
1258801690,11701927485,11701927492,8,0,0,0,0,0
1258801691,11701927477,11701927467,5,0,0,0,0,0
1258801692,11701927495,11701927498,4,0,0,0,0,0
1258801694,11701927504,11701927504,5,0,0,0,0,0
1258801695,3772977358,11701927512,6,0,0,0,0,0
1258801696,11701927508,11701927516,5,0,0,0,0,0
1259035204,11704047902,11704047902,11,0,0,0,0,0
1259035205,11704047912,11704047915,4,0,0,0,0,0
1259035206,290344663,11704047912,2,0,0,0,0,0
1259035207,11704047916,11704047916,5,0,0,0,0,0
1259035208,11704047920,11704047921,2,0,0,0,0,0
1259035209,11704047923,11704047922,2,3,3,0,0,0
1261978931,11725724792,11725724783,10,1,1,0,0,0
1261978932,11725724784,11725724790,7,1,1,0,0,0
1261978933,9554327193,11725724792,6,1,1,0,0,0
1261978934,11725724790,11725724783,2,0,0,0,0,0
1261978935,11725724787,11725724793,2,1,1,0,0,0
1261978936,11725724794,11725724803,10,1,1,0,0,0
1261978937,11725724776,11725724814,14,1,1,0,0,0
1261978938,11725724815,11725724828,15,1,1,0,0,0
1261978939,11725724829,11725724830,2,1,1,0,0,0
1261978940,11725724817,11725724837,7,0,0,0,0,0
1261978941,11725724838,11725724842,5,1,1,0,0,0
1263195417,11736561092,11736561092,5,0,0,0,0,0
1263209223,11736656635,11736656635,5,0,0,0,0,0
1263209224,11736656639,11736656639,5,0,0,0,0,0
1263209225,11736656643,11736656643,5,0,0,0,0,0
1263209226,11736656647,11736656647,5,0,0,0,0,0
1263209227,11736656651,11736656651,5,0,0,0,0,0
1263209228,11736656655,11736656655,11,0,0,0,0,0
1263209229,11736656665,11736656665,7,0,0,0,0,0
1263209230,11736706971,11736706971,5,0,0,0,0,0
1263209231,11736706975,11736706975,5,0,0,0,0,0
1263209232,11736706979,11736706979,5,0,0,0,0,0
1263209233,11736706982,11736706982,5,0,0,0,0,0
1267076342,11768663009,11768663010,2,1,1,0,0,0
1267076343,11768663011,11768663012,2,1,1,0,0,0
1267076344,11768663013,11768663014,2,1,1,0,0,0
1267076345,11768663015,11768663020,6,0,0,0,0,0
1267076346,11768663021,11768663022,2,1,1,0,0,0
1267076347,11768663023,11768663023,20,0,0,0,0,0
1267076348,11768663054,11768663055,3,1,1,0,0,0
1267076349,11768663056,11768663057,2,1,1,0,0,0
1267076350,11768663058,11768663063,8,1,1,0,0,0
1267076351,11768663059,11768663064,2,1,1,0,0,0
1267076352,11768663065,11768663169,5,1,1,0,0,0
1267076353,11064404519,11768663063,10,0,0,0,0,0
1267076354,8955640089,11768663182,7,0,0,0,0,0
1267076355,11768663183,11768663169,12,0,0,0,0,0
1267076356,11768663193,11064432286,2,0,0,0,0,0
1267076357,11768663194,11768663195,2,1,1,0,0,0
1267076358,11768663196,11768663197,2,0,0,0,0,0
1267076359,11768663198,11768663201,4,0,0,0,0,0
